date,team_id,region_name,applications_received,applications_reviewed,avg_review_time_hrs,rework_count,system_downtime_min
2024-01-01,Team_A,Southeast,37,31,2.38,0,19
2024-01-01,Team_B,Southeast,27,25,2.01,5,2
2024-01-01,Team_C,Southeast,50,48,3.77,0,29
2024-01-01,Team_D,West,16,15,4.71,0,16
2024-01-01,Team_E,Northeast,42,33,5.28,0,18
2024-01-01,Team_F,Midwest,42,37,4.75,2,20
2024-01-01,Team_G,West,38,30,4.72,2,9
2024-01-01,Team_H,Northeast,35,24,5.73,1,4
2024-01-02,Team_A,West,46,37,1.69,4,23
2024-01-02,Team_B,Southwest,10,9,1.78,4,30
2024-01-02,Team_C,Southwest,20,19,4.41,2,23
2024-01-02,Team_D,Southwest,36,34,1.58,3,9
2024-01-02,Team_E,Southeast,25,23,5.09,2,10
2024-01-02,Team_F,Southeast,17,12,5.26,4,22
2024-01-02,Team_G,West,27,20,2.35,2,17
2024-01-02,Team_H,Southwest,20,16,3.84,1,30
2024-01-03,Team_A,Southeast,46,39,2.94,4,19
2024-01-03,Team_B,Southwest,40,38,2.98,4,0
2024-01-03,Team_C,Southwest,22,18,2.0,5,17
2024-01-03,Team_D,Northeast,12,10,4.72,1,21
2024-01-03,Team_E,Southwest,29,20,4.09,0,27
2024-01-03,Team_F,Midwest,24,23,5.35,1,11
2024-01-03,Team_G,Southeast,31,25,3.9,5,27
2024-01-03,Team_H,Midwest,33,25,5.11,4,10
2024-01-04,Team_A,Midwest,11,10,3.51,3,12
2024-01-04,Team_B,Midwest,20,19,1.8,5,12
2024-01-04,Team_C,Midwest,47,37,4.85,4,13
2024-01-04,Team_D,Midwest,30,24,2.81,2,18
2024-01-04,Team_E,Southwest,27,20,3.16,0,3
2024-01-04,Team_F,Southeast,24,22,4.14,3,29
2024-01-04,Team_G,Southwest,37,30,2.75,1,16
2024-01-04,Team_H,Southwest,40,30,4.66,0,19
2024-01-05,Team_A,Southwest,18,13,3.79,4,6
2024-01-05,Team_B,West,44,38,4.49,3,18
2024-01-05,Team_C,Northeast,10,9,4.51,4,23
2024-01-05,Team_D,West,22,20,4.63,3,6
2024-01-05,Team_E,West,25,19,3.04,4,2
2024-01-05,Team_F,Northeast,50,49,5.4,1,19
2024-01-05,Team_G,Southwest,27,26,5.75,0,22
2024-01-05,Team_H,Northeast,31,28,5.06,0,5
2024-01-08,Team_A,Midwest,20,18,3.34,5,12
2024-01-08,Team_B,West,41,35,3.96,4,24
2024-01-08,Team_C,Northeast,22,18,3.83,4,16
2024-01-08,Team_D,Southwest,25,24,4.11,0,14
2024-01-08,Team_E,Southwest,38,27,2.44,5,1
2024-01-08,Team_F,Southwest,45,33,4.13,1,17
2024-01-08,Team_G,Midwest,41,37,4.28,2,6
2024-01-08,Team_H,Southeast,17,12,1.99,0,10
2024-01-09,Team_A,West,35,30,2.91,5,3
2024-01-09,Team_B,Northeast,49,41,3.93,2,30
2024-01-09,Team_C,Midwest,50,37,3.84,5,30
2024-01-09,Team_D,West,27,22,3.22,2,0
2024-01-09,Team_E,West,20,16,5.82,2,0
2024-01-09,Team_F,Midwest,10,8,5.66,0,8
2024-01-09,Team_G,Midwest,19,15,1.6,0,12
2024-01-09,Team_H,Southeast,12,11,5.05,4,1
2024-01-10,Team_A,Southeast,28,25,2.35,2,27
2024-01-10,Team_B,Midwest,17,13,1.83,5,20
2024-01-10,Team_C,West,42,33,2.27,1,22
2024-01-10,Team_D,West,47,39,2.67,4,16
2024-01-10,Team_E,Southeast,48,38,5.83,1,18
2024-01-10,Team_F,Southwest,34,29,4.72,3,17
2024-01-10,Team_G,Southeast,14,13,4.1,2,18
2024-01-10,Team_H,Northeast,12,8,4.75,1,18
2024-01-11,Team_A,Northeast,30,22,2.73,5,23
2024-01-11,Team_B,Southwest,43,40,3.47,2,16
2024-01-11,Team_C,Midwest,36,33,5.72,5,28
2024-01-11,Team_D,Southwest,43,42,2.92,1,20
2024-01-11,Team_E,Southwest,17,12,1.73,3,14
2024-01-11,Team_F,Southeast,29,26,4.06,5,1
2024-01-11,Team_G,Northeast,24,21,2.52,4,16
2024-01-11,Team_H,Midwest,38,30,4.81,2,26
2024-01-12,Team_A,West,36,33,3.05,1,17
2024-01-12,Team_B,Southwest,24,20,5.08,0,5
2024-01-12,Team_C,Southwest,37,36,1.74,1,25
2024-01-12,Team_D,Midwest,40,30,4.67,3,22
2024-01-12,Team_E,Northeast,23,18,1.67,1,20
2024-01-12,Team_F,Southeast,37,30,4.89,3,14
2024-01-12,Team_G,Midwest,26,22,3.28,0,14
2024-01-12,Team_H,Southwest,11,9,3.86,2,18
2024-01-15,Team_A,Northeast,30,26,2.61,1,12
2024-01-15,Team_B,Southwest,23,17,5.74,2,27
2024-01-15,Team_C,Southeast,13,12,4.83,0,3
2024-01-15,Team_D,Southeast,39,31,2.65,4,3
2024-01-15,Team_E,Midwest,15,12,5.81,5,3
2024-01-15,Team_F,Northeast,14,12,1.58,5,9
2024-01-15,Team_G,Southwest,42,31,2.06,0,15
2024-01-15,Team_H,West,39,34,1.85,4,1
2024-01-16,Team_A,Midwest,23,17,4.14,4,20
2024-01-16,Team_B,West,45,39,5.56,2,10
2024-01-16,Team_C,Southwest,13,10,5.21,3,20
2024-01-16,Team_D,Southwest,32,25,4.17,2,3
2024-01-16,Team_E,Southeast,49,43,2.72,3,8
2024-01-16,Team_F,Midwest,41,38,1.98,4,5
2024-01-16,Team_G,Southeast,38,34,4.58,4,22
2024-01-16,Team_H,Midwest,45,33,3.81,5,3
2024-01-17,Team_A,Midwest,37,33,4.44,5,15
2024-01-17,Team_B,Midwest,49,35,4.69,5,5
2024-01-17,Team_C,Southwest,21,17,5.6,1,19
2024-01-17,Team_D,Southeast,19,16,4.18,2,25
2024-01-17,Team_E,Southeast,41,32,5.53,4,2
2024-01-17,Team_F,Southeast,35,34,5.13,4,17
2024-01-17,Team_G,Northeast,47,40,2.55,3,4
2024-01-17,Team_H,Southeast,20,19,4.76,1,10
2024-01-18,Team_A,Midwest,28,26,4.28,4,8
2024-01-18,Team_B,Southwest,31,28,2.45,3,8
2024-01-18,Team_C,Northeast,48,47,2.35,5,12
2024-01-18,Team_D,Northeast,30,25,3.83,5,11
2024-01-18,Team_E,Midwest,26,21,1.98,0,6
2024-01-18,Team_F,Northeast,21,16,4.29,2,28
2024-01-18,Team_G,West,40,30,2.66,2,16
2024-01-18,Team_H,Midwest,32,27,3.16,5,7
2024-01-19,Team_A,Midwest,47,38,4.45,2,8
2024-01-19,Team_B,Northeast,26,21,3.43,3,28
2024-01-19,Team_C,Midwest,46,38,3.41,2,5
2024-01-19,Team_D,Southwest,12,10,2.37,3,26
2024-01-19,Team_E,Northeast,42,34,5.81,4,12
2024-01-19,Team_F,West,18,14,5.88,3,4
2024-01-19,Team_G,Southeast,40,30,1.59,0,15
2024-01-19,Team_H,Northeast,17,12,3.07,4,21
2024-01-22,Team_A,West,38,31,3.47,5,30
2024-01-22,Team_B,Southeast,50,49,3.49,3,3
2024-01-22,Team_C,Southwest,10,9,3.24,2,23
2024-01-22,Team_D,West,47,39,3.32,3,0
2024-01-22,Team_E,Southwest,26,18,1.53,2,7
2024-01-22,Team_F,Southeast,37,28,3.96,4,30
2024-01-22,Team_G,Northeast,40,31,4.41,0,28
2024-01-22,Team_H,West,22,16,3.78,5,9
2024-01-23,Team_A,Midwest,20,18,2.3,1,23
2024-01-23,Team_B,Northeast,20,17,3.95,2,13
2024-01-23,Team_C,Midwest,27,19,5.53,4,4
2024-01-23,Team_D,Southwest,34,29,4.86,0,1
2024-01-23,Team_E,Southeast,49,47,4.23,1,17
2024-01-23,Team_F,Southeast,24,20,5.57,0,16
2024-01-23,Team_G,Midwest,33,26,2.26,3,22
2024-01-23,Team_H,Southwest,24,19,2.6,1,1
2024-01-24,Team_A,Midwest,31,22,5.82,4,22
2024-01-24,Team_B,Southeast,41,37,3.13,2,7
2024-01-24,Team_C,West,33,24,5.59,5,18
2024-01-24,Team_D,Southeast,39,32,3.66,1,21
2024-01-24,Team_E,Southwest,44,43,2.16,2,22
2024-01-24,Team_F,Southwest,20,14,1.6,1,18
2024-01-24,Team_G,West,44,35,2.79,4,2
2024-01-24,Team_H,Southwest,47,39,5.13,5,20
2024-01-25,Team_A,Southeast,32,22,3.91,3,15
2024-01-25,Team_B,Southeast,18,16,5.9,1,10
2024-01-25,Team_C,Midwest,26,23,5.45,4,25
2024-01-25,Team_D,Southeast,50,42,2.65,2,25
2024-01-25,Team_E,Midwest,43,41,2.08,4,28
2024-01-25,Team_F,Southwest,10,7,1.93,5,13
2024-01-25,Team_G,Midwest,11,10,4.31,1,30
2024-01-25,Team_H,Midwest,21,15,4.17,5,19
2024-01-26,Team_A,Southwest,20,16,2.79,2,11
2024-01-26,Team_B,Southwest,41,37,2.37,2,14
2024-01-26,Team_C,West,10,7,4.82,0,29
2024-01-26,Team_D,Midwest,35,25,2.5,0,2
2024-01-26,Team_E,Southwest,17,15,1.84,4,23
2024-01-26,Team_F,Northeast,22,18,4.74,5,22
2024-01-26,Team_G,Midwest,14,11,2.83,4,28
2024-01-26,Team_H,West,25,20,3.31,3,26
2024-01-29,Team_A,Northeast,10,9,4.71,5,5
2024-01-29,Team_B,Southeast,15,12,3.18,4,12
2024-01-29,Team_C,West,24,23,3.62,1,15
2024-01-29,Team_D,Northeast,35,34,4.55,1,27
2024-01-29,Team_E,Northeast,26,21,5.8,0,20
2024-01-29,Team_F,Southwest,21,16,3.31,5,18
2024-01-29,Team_G,Northeast,44,30,3.9,4,8
2024-01-29,Team_H,Midwest,41,28,1.86,5,26
2024-01-30,Team_A,Southwest,39,30,5.41,3,27
2024-01-30,Team_B,Northeast,20,16,2.09,4,24
2024-01-30,Team_C,Midwest,17,12,5.19,4,4
2024-01-30,Team_D,Southeast,35,32,3.48,1,2
2024-01-30,Team_E,Northeast,33,25,5.36,5,3
2024-01-30,Team_F,Southeast,19,14,4.76,2,11
2024-01-30,Team_G,West,28,23,3.91,0,12
2024-01-30,Team_H,Midwest,21,15,1.58,3,10
2024-01-31,Team_A,Northeast,35,30,3.16,1,12
2024-01-31,Team_B,Southeast,27,22,2.32,0,4
2024-01-31,Team_C,Southeast,39,38,4.19,3,2
2024-01-31,Team_D,Southeast,23,22,1.54,1,21
2024-01-31,Team_E,Midwest,19,14,3.76,3,4
2024-01-31,Team_F,Midwest,43,39,5.37,3,28
2024-01-31,Team_G,Northeast,47,39,5.38,5,28
2024-01-31,Team_H,Midwest,44,43,5.94,2,11
2024-02-01,Team_A,Southeast,14,13,3.98,2,8
2024-02-01,Team_B,Midwest,34,28,3.27,5,29
2024-02-01,Team_C,Southwest,39,38,2.32,5,15
2024-02-01,Team_D,Southeast,12,9,2.13,2,27
2024-02-01,Team_E,Southeast,36,33,4.43,0,8
2024-02-01,Team_F,Midwest,17,14,4.32,4,4
2024-02-01,Team_G,Southwest,40,33,2.14,0,26
2024-02-01,Team_H,West,23,18,5.99,3,7
2024-02-02,Team_A,West,40,34,4.81,3,17
2024-02-02,Team_B,Midwest,50,46,2.96,3,19
2024-02-02,Team_C,Southeast,26,25,3.85,5,5
2024-02-02,Team_D,Midwest,32,30,5.74,0,9
2024-02-02,Team_E,Southwest,39,32,1.69,1,1
2024-02-02,Team_F,Southeast,22,15,5.32,2,30
2024-02-02,Team_G,Southwest,20,15,5.82,0,21
2024-02-02,Team_H,Midwest,11,8,2.94,0,23
2024-02-05,Team_A,Midwest,13,12,5.95,2,10
2024-02-05,Team_B,Midwest,38,30,5.43,0,28
2024-02-05,Team_C,Southwest,16,14,3.84,5,27
2024-02-05,Team_D,Midwest,47,37,3.52,3,6
2024-02-05,Team_E,Northeast,38,36,3.8,2,28
2024-02-05,Team_F,West,38,29,3.03,2,21
2024-02-05,Team_G,Midwest,25,22,5.29,1,6
2024-02-05,Team_H,Southwest,34,26,2.59,4,18
2024-02-06,Team_A,Midwest,35,27,1.53,2,21
2024-02-06,Team_B,Northeast,27,19,4.98,3,25
2024-02-06,Team_C,Northeast,42,31,1.51,0,30
2024-02-06,Team_D,Southeast,24,19,2.06,5,2
2024-02-06,Team_E,Midwest,48,40,3.07,0,6
2024-02-06,Team_F,Southeast,34,33,1.62,0,9
2024-02-06,Team_G,Southeast,26,21,3.69,4,18
2024-02-06,Team_H,Northeast,41,37,4.15,3,21
2024-02-07,Team_A,Southwest,23,22,2.32,4,28
2024-02-07,Team_B,Midwest,26,20,3.83,3,24
2024-02-07,Team_C,Southwest,20,14,2.71,0,9
2024-02-07,Team_D,Midwest,24,19,2.62,5,16
2024-02-07,Team_E,Southeast,22,17,2.08,5,30
2024-02-07,Team_F,Northeast,37,36,5.5,4,7
2024-02-07,Team_G,Midwest,10,7,2.61,5,5
2024-02-07,Team_H,West,31,23,2.77,2,17
2024-02-08,Team_A,West,25,20,4.47,4,22
2024-02-08,Team_B,Southeast,31,24,3.35,3,3
2024-02-08,Team_C,Midwest,14,11,5.93,1,30
2024-02-08,Team_D,Midwest,20,14,3.2,5,21
2024-02-08,Team_E,Northeast,31,23,4.64,2,8
2024-02-08,Team_F,Southeast,41,40,3.17,4,27
2024-02-08,Team_G,West,18,17,3.5,0,30
2024-02-08,Team_H,Midwest,24,21,4.59,5,9
2024-02-09,Team_A,West,50,36,5.69,0,6
2024-02-09,Team_B,Southeast,25,19,5.13,5,17
2024-02-09,Team_C,West,37,28,4.72,0,14
2024-02-09,Team_D,Southwest,50,43,4.75,5,28
2024-02-09,Team_E,Midwest,39,28,5.8,1,6
2024-02-09,Team_F,Northeast,31,29,3.74,2,6
2024-02-09,Team_G,Southeast,43,34,4.63,1,2
2024-02-09,Team_H,Southeast,17,16,2.93,4,10
2024-02-12,Team_A,Midwest,24,22,2.9,1,0
2024-02-12,Team_B,Northeast,18,16,4.42,1,8
2024-02-12,Team_C,Northeast,33,30,3.0,2,10
2024-02-12,Team_D,Midwest,12,9,4.75,5,12
2024-02-12,Team_E,Midwest,13,9,2.38,2,15
2024-02-12,Team_F,Northeast,25,18,3.78,1,17
2024-02-12,Team_G,Midwest,22,18,2.92,5,5
2024-02-12,Team_H,West,50,42,3.71,4,18
2024-02-13,Team_A,Southeast,38,28,2.96,2,22
2024-02-13,Team_B,Midwest,35,33,5.3,3,27
2024-02-13,Team_C,West,30,24,3.58,4,29
2024-02-13,Team_D,Northeast,10,7,4.76,2,23
2024-02-13,Team_E,Midwest,17,16,3.0,1,11
2024-02-13,Team_F,Midwest,38,36,2.52,2,25
2024-02-13,Team_G,West,20,15,2.76,4,0
2024-02-13,Team_H,Southeast,50,37,4.55,3,14
2024-02-14,Team_A,West,39,35,2.26,4,5
2024-02-14,Team_B,Southeast,48,37,5.11,1,26
2024-02-14,Team_C,Northeast,23,17,4.02,3,16
2024-02-14,Team_D,Midwest,29,21,4.61,5,14
2024-02-14,Team_E,Northeast,47,41,4.68,2,25
2024-02-14,Team_F,West,25,23,5.82,3,14
2024-02-14,Team_G,West,23,17,3.95,0,10
2024-02-14,Team_H,Southwest,44,41,5.6,1,29
2024-02-15,Team_A,Southeast,14,10,2.8,0,8
2024-02-15,Team_B,West,36,32,1.86,3,3
2024-02-15,Team_C,Southwest,42,31,5.72,5,20
2024-02-15,Team_D,Southwest,20,16,4.98,4,23
2024-02-15,Team_E,Southeast,19,16,4.67,4,27
2024-02-15,Team_F,Southwest,26,24,3.88,2,25
2024-02-15,Team_G,Northeast,28,19,3.08,2,22
2024-02-15,Team_H,Midwest,44,33,3.94,1,8
2024-02-16,Team_A,Midwest,17,13,4.4,0,29
2024-02-16,Team_B,Midwest,33,28,5.73,4,29
2024-02-16,Team_C,Southeast,11,8,4.16,2,20
2024-02-16,Team_D,Southeast,10,8,3.53,2,13
2024-02-16,Team_E,West,35,27,3.93,5,8
2024-02-16,Team_F,Northeast,27,19,4.24,2,4
2024-02-16,Team_G,Southeast,19,14,3.21,1,24
2024-02-16,Team_H,Southwest,17,14,3.94,5,19
2024-02-19,Team_A,Northeast,18,14,2.77,4,17
2024-02-19,Team_B,Southwest,45,34,1.74,3,26
2024-02-19,Team_C,Southeast,33,25,4.21,1,21
2024-02-19,Team_D,Midwest,10,7,1.72,0,8
2024-02-19,Team_E,West,34,33,5.09,2,6
2024-02-19,Team_F,Southwest,18,17,1.71,4,10
2024-02-19,Team_G,Southeast,15,11,2.67,2,28
2024-02-19,Team_H,West,24,17,5.04,0,10
2024-02-20,Team_A,Southeast,38,31,5.5,1,4
2024-02-20,Team_B,Southwest,14,13,5.46,4,22
2024-02-20,Team_C,Southeast,31,30,3.53,4,30
2024-02-20,Team_D,Midwest,13,11,2.9,4,22
2024-02-20,Team_E,West,12,9,4.49,3,5
2024-02-20,Team_F,Northeast,16,12,2.58,4,4
2024-02-20,Team_G,West,29,27,2.79,5,5
2024-02-20,Team_H,Southeast,37,32,1.9,4,15
2024-02-21,Team_A,Southwest,18,16,2.51,5,20
2024-02-21,Team_B,West,17,12,5.02,2,27
2024-02-21,Team_C,Southwest,26,19,3.45,3,12
2024-02-21,Team_D,Northeast,20,15,5.92,0,10
2024-02-21,Team_E,Midwest,19,14,5.57,2,2
2024-02-21,Team_F,West,33,32,3.92,4,0
2024-02-21,Team_G,West,15,14,2.55,1,10
2024-02-21,Team_H,Northeast,13,9,3.43,3,30
2024-02-22,Team_A,Northeast,49,35,3.93,1,17
2024-02-22,Team_B,Midwest,36,27,2.91,1,27
2024-02-22,Team_C,Southwest,23,17,1.61,4,0
2024-02-22,Team_D,Midwest,45,32,4.27,0,9
2024-02-22,Team_E,Northeast,50,43,2.88,4,29
2024-02-22,Team_F,West,16,14,5.71,4,18
2024-02-22,Team_G,Southeast,32,22,2.27,5,28
2024-02-22,Team_H,West,47,40,1.61,5,26
2024-02-23,Team_A,West,33,29,2.69,3,30
2024-02-23,Team_B,Midwest,50,37,5.16,2,24
2024-02-23,Team_C,Northeast,41,37,2.68,1,17
2024-02-23,Team_D,Southeast,33,29,3.84,1,4
2024-02-23,Team_E,Southeast,11,10,5.13,5,11
2024-02-23,Team_F,Southeast,10,9,5.31,0,7
2024-02-23,Team_G,West,22,19,3.05,1,28
2024-02-23,Team_H,West,44,34,3.5,4,6
2024-02-26,Team_A,West,28,21,3.04,1,5
2024-02-26,Team_B,West,29,24,2.29,3,26
2024-02-26,Team_C,Southwest,20,15,2.43,1,10
2024-02-26,Team_D,Southwest,32,26,1.92,0,24
2024-02-26,Team_E,Northeast,24,18,3.42,2,1
2024-02-26,Team_F,Midwest,21,16,3.27,5,11
2024-02-26,Team_G,Southeast,17,14,2.86,4,21
2024-02-26,Team_H,West,17,13,4.53,4,16
2024-02-27,Team_A,Southwest,20,15,5.94,1,20
2024-02-27,Team_B,Midwest,46,33,4.75,4,6
2024-02-27,Team_C,West,41,32,3.38,2,26
2024-02-27,Team_D,Southeast,48,43,1.51,1,14
2024-02-27,Team_E,Northeast,38,30,2.97,1,17
2024-02-27,Team_F,Southwest,25,20,5.79,2,17
2024-02-27,Team_G,Midwest,45,44,2.81,5,13
2024-02-27,Team_H,Southeast,36,28,3.06,1,10
2024-02-28,Team_A,Southwest,32,24,4.49,5,5
2024-02-28,Team_B,Southwest,33,29,5.83,3,5
2024-02-28,Team_C,Midwest,11,10,4.93,1,20
2024-02-28,Team_D,Midwest,48,47,3.96,4,18
2024-02-28,Team_E,Southeast,29,23,5.61,0,20
2024-02-28,Team_F,Southwest,29,26,4.25,3,24
2024-02-28,Team_G,Northeast,43,42,1.79,2,12
2024-02-28,Team_H,West,15,12,5.89,0,11
2024-02-29,Team_A,Midwest,21,16,2.91,4,10
2024-02-29,Team_B,Southeast,48,34,4.01,5,5
2024-02-29,Team_C,Midwest,32,30,5.1,1,2
2024-02-29,Team_D,Southwest,41,30,4.19,4,6
2024-02-29,Team_E,Southwest,27,20,5.51,2,1
2024-02-29,Team_F,Southeast,31,24,5.05,2,11
2024-02-29,Team_G,West,32,30,5.25,5,29
2024-02-29,Team_H,Northeast,29,23,4.1,2,1
2024-03-01,Team_A,Midwest,50,42,4.4,0,9
2024-03-01,Team_B,Northeast,27,20,3.98,5,11
2024-03-01,Team_C,Southwest,39,32,3.02,1,30
2024-03-01,Team_D,Southwest,27,23,4.47,4,13
2024-03-01,Team_E,Northeast,34,31,5.02,2,0
2024-03-01,Team_F,Northeast,16,14,5.69,0,5
2024-03-01,Team_G,Midwest,29,20,2.61,5,21
2024-03-01,Team_H,Southeast,41,33,3.08,3,26
2024-03-04,Team_A,Midwest,26,21,4.67,0,21
2024-03-04,Team_B,Southwest,26,23,3.19,4,17
2024-03-04,Team_C,Northeast,24,23,5.38,2,21
2024-03-04,Team_D,Midwest,16,14,5.15,2,23
2024-03-04,Team_E,Northeast,11,10,4.59,2,15
2024-03-04,Team_F,Southwest,26,24,2.82,2,6
2024-03-04,Team_G,West,10,8,3.61,3,18
2024-03-04,Team_H,Southwest,36,27,2.41,2,28
2024-03-05,Team_A,Southeast,30,28,4.19,4,24
2024-03-05,Team_B,Midwest,24,18,3.8,0,21
2024-03-05,Team_C,Southwest,27,26,5.25,5,8
2024-03-05,Team_D,Midwest,36,25,3.73,5,26
2024-03-05,Team_E,West,12,9,3.46,2,14
2024-03-05,Team_F,West,48,33,4.39,5,2
2024-03-05,Team_G,Midwest,38,35,4.22,0,16
2024-03-05,Team_H,West,38,27,5.37,2,16
2024-03-06,Team_A,Southeast,14,10,4.22,1,20
2024-03-06,Team_B,Southeast,18,14,4.67,4,20
2024-03-06,Team_C,Northeast,33,27,3.62,1,13
2024-03-06,Team_D,Southwest,19,17,5.65,4,6
2024-03-06,Team_E,Southeast,31,29,3.64,3,3
2024-03-06,Team_F,Northeast,12,9,4.06,2,22
2024-03-06,Team_G,Southwest,24,23,2.96,1,11
2024-03-06,Team_H,Southeast,11,9,2.65,0,10
2024-03-07,Team_A,Northeast,42,38,2.34,4,1
2024-03-07,Team_B,Southwest,25,22,2.22,0,4
2024-03-07,Team_C,West,27,23,4.36,2,14
2024-03-07,Team_D,West,29,22,5.92,3,24
2024-03-07,Team_E,Midwest,25,20,4.4,2,9
2024-03-07,Team_F,Southeast,27,22,3.14,2,10
2024-03-07,Team_G,Midwest,25,23,2.95,0,5
2024-03-07,Team_H,Southeast,19,13,2.75,1,6
2024-03-08,Team_A,Southeast,46,38,4.33,5,27
2024-03-08,Team_B,Southeast,35,33,3.23,0,27
2024-03-08,Team_C,West,34,30,2.95,2,10
2024-03-08,Team_D,West,15,12,5.21,0,16
2024-03-08,Team_E,Midwest,19,13,3.28,2,30
2024-03-08,Team_F,Southwest,24,19,3.67,4,17
2024-03-08,Team_G,Northeast,16,11,4.86,0,15
2024-03-08,Team_H,West,43,34,2.69,4,9
2024-03-11,Team_A,Southwest,31,28,5.74,1,28
2024-03-11,Team_B,Southeast,11,10,1.82,0,20
2024-03-11,Team_C,Southwest,26,19,4.72,1,22
2024-03-11,Team_D,West,14,10,2.98,3,20
2024-03-11,Team_E,Northeast,20,17,2.32,2,19
2024-03-11,Team_F,Southwest,41,35,2.33,3,25
2024-03-11,Team_G,Southeast,30,29,3.53,4,25
2024-03-11,Team_H,West,47,44,2.5,4,28
2024-03-12,Team_A,Southwest,24,19,3.86,5,1
2024-03-12,Team_B,West,27,24,3.32,0,11
2024-03-12,Team_C,Southwest,25,21,5.39,4,18
2024-03-12,Team_D,Southeast,50,45,2.07,3,22
2024-03-12,Team_E,West,49,46,3.34,1,27
2024-03-12,Team_F,Midwest,24,22,1.55,2,3
2024-03-12,Team_G,Northeast,39,38,4.55,5,27
2024-03-12,Team_H,Midwest,18,14,2.07,0,9
2024-03-13,Team_A,West,16,12,3.27,4,20
2024-03-13,Team_B,Northeast,47,42,1.78,0,26
2024-03-13,Team_C,West,34,30,2.57,5,18
2024-03-13,Team_D,West,48,39,2.75,1,21
2024-03-13,Team_E,Northeast,11,8,4.24,1,21
2024-03-13,Team_F,Midwest,13,10,5.63,4,19
2024-03-13,Team_G,Northeast,17,15,5.07,4,23
2024-03-13,Team_H,Northeast,31,24,4.53,5,28
2024-03-14,Team_A,West,46,41,2.36,3,1
2024-03-14,Team_B,West,11,8,5.95,1,9
2024-03-14,Team_C,West,28,25,4.5,4,10
2024-03-14,Team_D,Northeast,30,22,1.86,4,17
2024-03-14,Team_E,West,49,41,5.33,1,11
2024-03-14,Team_F,West,27,25,3.74,1,29
2024-03-14,Team_G,West,38,34,4.51,4,27
2024-03-14,Team_H,Southeast,33,31,1.57,0,4
2024-03-15,Team_A,Southeast,36,33,5.47,0,0
2024-03-15,Team_B,West,34,32,2.25,0,14
2024-03-15,Team_C,Northeast,35,32,5.56,2,11
2024-03-15,Team_D,Northeast,24,18,4.48,2,25
2024-03-15,Team_E,Southeast,15,14,3.07,1,2
2024-03-15,Team_F,Northeast,33,32,1.67,5,8
2024-03-15,Team_G,Midwest,38,29,3.61,0,15
2024-03-15,Team_H,Southwest,29,22,5.86,5,9
2024-03-18,Team_A,Southeast,46,45,2.46,1,29
2024-03-18,Team_B,Northeast,26,21,5.17,1,5
2024-03-18,Team_C,Midwest,47,40,4.08,1,9
2024-03-18,Team_D,Northeast,33,28,4.53,3,28
2024-03-18,Team_E,West,13,12,3.05,5,17
2024-03-18,Team_F,Midwest,24,23,2.2,4,21
2024-03-18,Team_G,Southwest,22,19,2.99,4,29
2024-03-18,Team_H,Southwest,36,28,5.37,5,13
2024-03-19,Team_A,Northeast,31,25,5.39,5,20
2024-03-19,Team_B,Midwest,20,17,5.43,4,12
2024-03-19,Team_C,Southeast,24,18,4.92,0,24
2024-03-19,Team_D,Midwest,35,30,4.05,4,26
2024-03-19,Team_E,Southeast,48,37,2.93,1,28
2024-03-19,Team_F,Midwest,18,12,2.59,2,26
2024-03-19,Team_G,Southwest,48,40,3.58,1,27
2024-03-19,Team_H,Southwest,11,9,5.9,1,23
2024-03-20,Team_A,Southwest,37,35,1.96,0,1
2024-03-20,Team_B,Northeast,45,36,1.92,3,7
2024-03-20,Team_C,Southeast,26,22,2.95,0,24
2024-03-20,Team_D,Northeast,30,21,5.33,3,10
2024-03-20,Team_E,Southwest,41,37,3.74,4,27
2024-03-20,Team_F,West,15,13,3.12,3,7
2024-03-20,Team_G,Southwest,19,14,2.14,3,0
2024-03-20,Team_H,Midwest,44,41,3.11,0,19
2024-03-21,Team_A,Northeast,32,28,2.13,0,4
2024-03-21,Team_B,Southwest,18,13,3.46,3,11
2024-03-21,Team_C,Midwest,16,13,4.28,3,14
2024-03-21,Team_D,Southwest,42,32,5.2,5,1
2024-03-21,Team_E,Southwest,42,37,4.33,2,30
2024-03-21,Team_F,Southeast,41,31,2.94,0,18
2024-03-21,Team_G,West,16,11,1.92,0,26
2024-03-21,Team_H,Midwest,16,15,3.82,4,22
2024-03-22,Team_A,Midwest,48,34,4.5,1,14
2024-03-22,Team_B,Midwest,32,28,4.12,3,11
2024-03-22,Team_C,Southwest,15,14,2.84,4,23
2024-03-22,Team_D,Southwest,43,30,2.72,0,8
2024-03-22,Team_E,Midwest,39,31,3.74,4,12
2024-03-22,Team_F,Southwest,24,21,4.61,0,15
2024-03-22,Team_G,Midwest,14,9,5.69,1,6
2024-03-22,Team_H,Northeast,24,21,4.39,1,13
2024-03-25,Team_A,Southwest,48,40,4.21,3,7
2024-03-25,Team_B,West,21,17,5.84,5,29
2024-03-25,Team_C,Midwest,27,21,5.74,5,18
2024-03-25,Team_D,Midwest,49,35,2.53,5,13
2024-03-25,Team_E,Northeast,50,42,5.9,1,17
2024-03-25,Team_F,Southwest,45,40,2.18,3,20
2024-03-25,Team_G,Northeast,48,39,5.51,5,18
2024-03-25,Team_H,Midwest,15,12,5.39,4,8
2024-03-26,Team_A,Southwest,45,36,2.66,2,18
2024-03-26,Team_B,Northeast,23,21,2.63,4,15
2024-03-26,Team_C,West,32,29,5.27,2,10
2024-03-26,Team_D,Northeast,10,9,4.18,1,13
2024-03-26,Team_E,West,40,30,3.47,2,6
2024-03-26,Team_F,Northeast,24,18,4.81,1,6
2024-03-26,Team_G,West,20,15,3.95,1,30
2024-03-26,Team_H,Southeast,40,36,4.28,5,6
2024-03-27,Team_A,Northeast,49,44,4.93,3,2
2024-03-27,Team_B,Northeast,42,35,2.5,0,3
2024-03-27,Team_C,Southwest,28,22,4.23,0,24
2024-03-27,Team_D,Southeast,45,38,5.13,2,28
2024-03-27,Team_E,West,19,16,1.58,1,24
2024-03-27,Team_F,Northeast,43,37,4.84,2,16
2024-03-27,Team_G,West,22,15,2.08,4,10
2024-03-27,Team_H,Midwest,30,22,5.69,5,26
2024-03-28,Team_A,West,16,11,2.64,1,27
2024-03-28,Team_B,West,10,7,4.23,2,15
2024-03-28,Team_C,West,40,35,5.24,1,10
2024-03-28,Team_D,Northeast,31,24,4.52,0,28
2024-03-28,Team_E,Northeast,41,31,2.44,0,19
2024-03-28,Team_F,Southeast,31,29,3.58,1,9
2024-03-28,Team_G,Midwest,43,36,2.47,4,22
2024-03-28,Team_H,Northeast,47,33,5.75,1,17
2024-03-29,Team_A,Southwest,48,39,4.13,3,11
2024-03-29,Team_B,Southwest,38,31,2.75,3,27
2024-03-29,Team_C,West,44,41,3.99,3,26
2024-03-29,Team_D,Midwest,27,23,3.26,1,21
2024-03-29,Team_E,Midwest,23,20,5.14,5,0
2024-03-29,Team_F,West,37,30,4.81,5,0
2024-03-29,Team_G,Southeast,18,17,3.93,3,15
2024-03-29,Team_H,Southwest,28,26,4.31,2,27
2024-04-01,Team_A,Midwest,17,14,5.99,2,25
2024-04-01,Team_B,Southeast,14,12,5.17,3,10
2024-04-01,Team_C,Southeast,44,40,3.58,5,13
2024-04-01,Team_D,Northeast,24,23,3.65,3,30
2024-04-01,Team_E,Southwest,33,25,5.85,0,1
2024-04-01,Team_F,West,45,41,4.04,3,26
2024-04-01,Team_G,West,27,24,3.76,0,8
2024-04-01,Team_H,Southeast,33,27,1.57,3,0
2024-04-02,Team_A,Northeast,25,19,2.07,0,10
2024-04-02,Team_B,Southwest,14,13,5.26,4,20
2024-04-02,Team_C,West,28,22,3.84,4,30
2024-04-02,Team_D,Southwest,45,36,3.34,5,13
2024-04-02,Team_E,Northeast,40,33,2.18,0,5
2024-04-02,Team_F,Southeast,48,36,3.54,2,14
2024-04-02,Team_G,Southeast,37,26,3.35,0,9
2024-04-02,Team_H,Northeast,39,32,3.33,1,4
2024-04-03,Team_A,Southwest,35,31,5.33,2,5
2024-04-03,Team_B,Midwest,19,15,2.83,0,27
2024-04-03,Team_C,Midwest,27,21,5.75,3,30
2024-04-03,Team_D,Midwest,25,18,4.18,0,21
2024-04-03,Team_E,Southwest,30,26,4.35,2,0
2024-04-03,Team_F,Southeast,20,16,3.66,5,22
2024-04-03,Team_G,Northeast,45,44,4.54,2,13
2024-04-03,Team_H,West,26,18,3.16,0,24
2024-04-04,Team_A,Midwest,43,39,2.77,3,5
2024-04-04,Team_B,Midwest,20,14,5.4,0,12
2024-04-04,Team_C,Southeast,46,35,5.19,4,23
2024-04-04,Team_D,West,16,14,1.81,1,17
2024-04-04,Team_E,Southwest,10,8,2.11,5,28
2024-04-04,Team_F,Midwest,43,34,2.62,2,22
2024-04-04,Team_G,Southeast,16,12,1.76,4,0
2024-04-04,Team_H,Midwest,48,38,3.18,2,9
2024-04-05,Team_A,West,25,19,5.26,5,3
2024-04-05,Team_B,Midwest,21,19,3.82,0,18
2024-04-05,Team_C,Southwest,26,18,3.15,3,15
2024-04-05,Team_D,Midwest,31,26,3.59,5,18
2024-04-05,Team_E,Northeast,38,34,2.9,2,2
2024-04-05,Team_F,West,14,12,4.05,2,3
2024-04-05,Team_G,West,18,16,3.71,1,18
2024-04-05,Team_H,West,31,26,5.6,0,5
2024-04-08,Team_A,Midwest,43,34,5.42,4,2
2024-04-08,Team_B,Northeast,38,31,2.59,5,10
2024-04-08,Team_C,Midwest,23,22,4.92,0,12
2024-04-08,Team_D,Southeast,35,31,4.27,4,17
2024-04-08,Team_E,West,43,39,5.86,2,26
2024-04-08,Team_F,Southeast,44,36,4.03,0,1
2024-04-08,Team_G,West,17,16,1.81,5,0
2024-04-08,Team_H,Southeast,15,14,3.16,5,7
2024-04-09,Team_A,West,37,27,4.87,5,15
2024-04-09,Team_B,Southeast,27,22,5.96,2,26
2024-04-09,Team_C,Southeast,22,17,4.73,3,13
2024-04-09,Team_D,West,42,30,4.63,0,30
2024-04-09,Team_E,Southwest,46,34,2.83,2,12
2024-04-09,Team_F,Midwest,41,40,4.59,5,7
2024-04-09,Team_G,Northeast,49,47,4.52,5,7
2024-04-09,Team_H,Northeast,41,36,4.14,2,21
2024-04-10,Team_A,Southwest,44,40,2.59,1,11
2024-04-10,Team_B,Midwest,48,44,3.46,2,15
2024-04-10,Team_C,Northeast,36,25,5.09,4,13
2024-04-10,Team_D,West,50,45,1.68,0,15
2024-04-10,Team_E,Northeast,39,38,1.8,5,24
2024-04-10,Team_F,Southwest,35,33,1.96,2,10
2024-04-10,Team_G,Northeast,13,11,1.73,1,29
2024-04-10,Team_H,Northeast,13,12,4.27,2,2
2024-04-11,Team_A,Southwest,46,39,2.98,4,17
2024-04-11,Team_B,Midwest,33,32,2.63,0,19
2024-04-11,Team_C,Midwest,33,24,5.09,3,16
2024-04-11,Team_D,Southwest,18,17,3.9,3,15
2024-04-11,Team_E,Midwest,47,36,5.18,0,20
2024-04-11,Team_F,Midwest,37,29,1.98,3,25
2024-04-11,Team_G,Southwest,25,22,5.53,1,1
2024-04-11,Team_H,Southeast,28,25,2.45,2,22
2024-04-12,Team_A,Northeast,28,21,3.68,4,28
2024-04-12,Team_B,Southwest,15,14,5.26,2,2
2024-04-12,Team_C,Midwest,45,39,5.81,2,15
2024-04-12,Team_D,Southwest,45,42,3.98,5,0
2024-04-12,Team_E,Northeast,10,7,2.5,0,5
2024-04-12,Team_F,West,44,38,5.65,2,21
2024-04-12,Team_G,Southwest,45,41,2.48,3,27
2024-04-12,Team_H,Southwest,35,32,5.83,2,12
2024-04-15,Team_A,Southwest,19,15,3.85,4,12
2024-04-15,Team_B,West,16,13,4.48,2,15
2024-04-15,Team_C,West,40,28,3.42,4,10
2024-04-15,Team_D,West,45,34,4.75,3,28
2024-04-15,Team_E,West,35,34,4.4,0,27
2024-04-15,Team_F,Northeast,34,31,5.18,5,8
2024-04-15,Team_G,Southeast,48,36,4.95,1,2
2024-04-15,Team_H,Midwest,39,31,2.95,1,22
2024-04-16,Team_A,Southeast,33,29,4.46,0,2
2024-04-16,Team_B,Southwest,46,35,4.51,0,3
2024-04-16,Team_C,Northeast,24,17,4.21,1,10
2024-04-16,Team_D,West,43,40,4.42,3,11
2024-04-16,Team_E,Midwest,38,33,4.61,5,0
2024-04-16,Team_F,Southwest,17,14,2.04,3,2
2024-04-16,Team_G,Southwest,31,23,5.17,0,12
2024-04-16,Team_H,West,36,29,5.7,3,20
2024-04-17,Team_A,West,47,46,5.1,0,6
2024-04-17,Team_B,Southeast,46,32,2.08,0,30
2024-04-17,Team_C,Midwest,17,15,5.75,5,7
2024-04-17,Team_D,Southwest,34,31,2.26,1,19
2024-04-17,Team_E,Southwest,39,32,2.58,3,10
2024-04-17,Team_F,Southwest,42,32,1.91,4,23
2024-04-17,Team_G,West,44,40,2.44,0,26
2024-04-17,Team_H,Midwest,50,44,5.97,1,7
2024-04-18,Team_A,Southwest,14,11,2.78,0,0
2024-04-18,Team_B,West,15,12,2.3,2,21
2024-04-18,Team_C,Northeast,22,17,2.27,1,6
2024-04-18,Team_D,West,37,35,4.89,1,1
2024-04-18,Team_E,Northeast,14,11,4.81,1,9
2024-04-18,Team_F,Northeast,15,12,5.55,0,25
2024-04-18,Team_G,Southeast,18,12,3.96,1,27
2024-04-18,Team_H,Northeast,44,40,3.02,5,25
2024-04-19,Team_A,West,25,21,2.21,5,27
2024-04-19,Team_B,Midwest,23,19,2.5,2,2
2024-04-19,Team_C,West,24,23,4.13,1,1
2024-04-19,Team_D,Northeast,17,14,3.98,2,13
2024-04-19,Team_E,Northeast,14,12,5.82,1,10
2024-04-19,Team_F,West,31,25,5.18,1,5
2024-04-19,Team_G,Midwest,35,24,2.15,1,5
2024-04-19,Team_H,Northeast,46,34,5.16,2,27
2024-04-22,Team_A,Northeast,47,38,2.15,0,1
2024-04-22,Team_B,Southeast,27,22,2.46,3,0
2024-04-22,Team_C,Southwest,46,44,2.68,3,7
2024-04-22,Team_D,Southwest,44,34,4.34,0,18
2024-04-22,Team_E,West,15,13,5.05,4,26
2024-04-22,Team_F,West,16,14,2.38,3,19
2024-04-22,Team_G,Northeast,36,35,4.15,4,22
2024-04-22,Team_H,West,41,29,1.69,1,6
2024-04-23,Team_A,Midwest,39,32,5.42,5,7
2024-04-23,Team_B,Midwest,17,11,5.3,0,3
2024-04-23,Team_C,West,43,37,4.91,5,1
2024-04-23,Team_D,West,33,26,2.53,2,30
2024-04-23,Team_E,Midwest,10,8,1.9,5,20
2024-04-23,Team_F,Southwest,12,8,3.93,1,17
2024-04-23,Team_G,Southwest,27,25,5.65,2,12
2024-04-23,Team_H,Southeast,12,10,1.61,4,3
2024-04-24,Team_A,Northeast,26,20,2.62,4,6
2024-04-24,Team_B,Southwest,22,21,2.76,3,11
2024-04-24,Team_C,Southeast,23,21,5.56,3,22
2024-04-24,Team_D,Southeast,30,27,2.93,2,30
2024-04-24,Team_E,Southwest,17,14,5.87,2,13
2024-04-24,Team_F,Southeast,41,39,3.86,0,24
2024-04-24,Team_G,Northeast,43,39,1.73,2,16
2024-04-24,Team_H,West,12,9,2.72,2,27
2024-04-25,Team_A,Southeast,15,13,1.7,3,7
2024-04-25,Team_B,Midwest,24,18,5.11,3,11
2024-04-25,Team_C,Southeast,11,9,4.58,0,25
2024-04-25,Team_D,Southwest,13,10,3.83,0,13
2024-04-25,Team_E,Midwest,16,12,3.74,4,6
2024-04-25,Team_F,Southeast,18,16,3.62,0,12
2024-04-25,Team_G,West,48,34,3.15,3,3
2024-04-25,Team_H,Southeast,21,17,3.59,1,30
2024-04-26,Team_A,Midwest,31,27,3.61,0,0
2024-04-26,Team_B,West,18,16,3.97,5,3
2024-04-26,Team_C,Northeast,36,27,4.66,3,3
2024-04-26,Team_D,Southeast,31,24,2.85,1,20
2024-04-26,Team_E,Northeast,30,24,5.31,4,21
2024-04-26,Team_F,Southeast,33,30,3.29,1,1
2024-04-26,Team_G,Southeast,14,12,3.83,3,0
2024-04-26,Team_H,Southwest,43,31,1.82,5,17
2024-04-29,Team_A,Northeast,15,11,1.6,4,11
2024-04-29,Team_B,West,35,32,2.38,1,28
2024-04-29,Team_C,Northeast,30,21,3.13,4,7
2024-04-29,Team_D,Southeast,44,37,1.57,1,7
2024-04-29,Team_E,Southeast,44,43,1.7,3,19
2024-04-29,Team_F,Midwest,42,35,1.8,0,5
2024-04-29,Team_G,Northeast,48,46,3.16,0,29
2024-04-29,Team_H,West,25,24,4.65,0,3
2024-04-30,Team_A,Northeast,13,11,1.75,0,20
2024-04-30,Team_B,Midwest,43,30,2.08,1,14
2024-04-30,Team_C,Northeast,15,11,3.67,3,29
2024-04-30,Team_D,Southwest,38,36,5.7,3,8
2024-04-30,Team_E,Southeast,33,32,3.54,4,11
2024-04-30,Team_F,Midwest,29,28,4.1,4,13
2024-04-30,Team_G,West,47,38,3.18,1,20
2024-04-30,Team_H,Southeast,44,32,2.76,5,28
2024-05-01,Team_A,Midwest,15,13,1.92,1,5
2024-05-01,Team_B,Northeast,40,34,5.95,3,1
2024-05-01,Team_C,Southeast,14,10,5.34,2,12
2024-05-01,Team_D,Southwest,49,46,2.16,5,13
2024-05-01,Team_E,Midwest,19,13,4.11,2,24
2024-05-01,Team_F,Northeast,14,13,5.19,1,30
2024-05-01,Team_G,Northeast,25,23,4.3,0,18
2024-05-01,Team_H,Midwest,16,11,2.24,5,18
2024-05-02,Team_A,Southwest,25,22,1.52,4,17
2024-05-02,Team_B,Southwest,20,17,2.68,1,21
2024-05-02,Team_C,Midwest,24,18,4.48,4,21
2024-05-02,Team_D,Northeast,14,13,3.05,4,22
2024-05-02,Team_E,Midwest,25,23,1.82,1,29
2024-05-02,Team_F,West,44,43,5.92,0,22
2024-05-02,Team_G,Midwest,46,42,3.88,5,20
2024-05-02,Team_H,Northeast,25,20,3.48,2,5
2024-05-03,Team_A,Southwest,33,24,5.69,4,20
2024-05-03,Team_B,Southwest,19,15,5.25,2,4
2024-05-03,Team_C,Southeast,22,17,5.89,2,25
2024-05-03,Team_D,Southwest,36,25,5.7,1,11
2024-05-03,Team_E,Northeast,13,12,2.75,4,1
2024-05-03,Team_F,Midwest,42,35,4.34,1,4
2024-05-03,Team_G,Southeast,42,33,3.43,1,4
2024-05-03,Team_H,Southeast,33,28,1.65,0,19
2024-05-06,Team_A,Midwest,19,14,5.86,0,0
2024-05-06,Team_B,West,49,39,5.91,0,29
2024-05-06,Team_C,West,15,10,5.99,2,19
2024-05-06,Team_D,Midwest,45,40,1.73,5,6
2024-05-06,Team_E,Southwest,36,31,5.36,1,8
2024-05-06,Team_F,Southeast,22,20,3.93,0,27
2024-05-06,Team_G,Southeast,39,33,3.02,5,1
2024-05-06,Team_H,West,41,33,3.35,0,5
2024-05-07,Team_A,Southwest,20,14,3.0,4,12
2024-05-07,Team_B,West,35,30,4.66,0,28
2024-05-07,Team_C,Southwest,45,42,2.23,1,30
2024-05-07,Team_D,Midwest,26,24,2.03,1,17
2024-05-07,Team_E,West,46,38,4.79,5,10
2024-05-07,Team_F,West,46,39,4.25,3,6
2024-05-07,Team_G,Midwest,24,19,4.67,3,27
2024-05-07,Team_H,Southeast,31,26,1.77,3,15
2024-05-08,Team_A,Midwest,43,33,5.49,2,22
2024-05-08,Team_B,Southeast,25,21,3.5,5,19
2024-05-08,Team_C,Midwest,26,21,3.64,0,17
2024-05-08,Team_D,West,17,15,3.12,5,8
2024-05-08,Team_E,Southeast,46,36,2.02,5,12
2024-05-08,Team_F,Northeast,28,27,3.51,1,2
2024-05-08,Team_G,Southwest,47,37,5.8,2,14
2024-05-08,Team_H,Northeast,49,39,3.79,5,7
2024-05-09,Team_A,Northeast,12,10,2.5,3,19
2024-05-09,Team_B,West,50,36,4.29,4,19
2024-05-09,Team_C,Midwest,33,28,5.85,4,15
2024-05-09,Team_D,Northeast,22,19,1.55,4,20
2024-05-09,Team_E,Southwest,39,35,4.32,4,8
2024-05-09,Team_F,Midwest,14,10,3.26,2,9
2024-05-09,Team_G,West,42,38,5.83,2,8
2024-05-09,Team_H,West,38,29,4.99,3,11
2024-05-10,Team_A,Southeast,28,23,4.82,4,24
2024-05-10,Team_B,Southeast,16,11,3.15,5,4
2024-05-10,Team_C,Southeast,38,27,4.85,4,9
2024-05-10,Team_D,West,43,42,3.95,4,13
2024-05-10,Team_E,Southeast,21,19,2.53,4,25
2024-05-10,Team_F,Southeast,18,13,2.45,5,16
2024-05-10,Team_G,Southeast,14,12,2.68,3,14
2024-05-10,Team_H,Southeast,40,30,3.74,4,20
2024-05-13,Team_A,Midwest,28,23,3.76,2,19
2024-05-13,Team_B,Southeast,38,32,3.96,1,26
2024-05-13,Team_C,West,19,15,3.26,5,21
2024-05-13,Team_D,Midwest,38,35,4.83,5,13
2024-05-13,Team_E,Southwest,34,23,2.25,5,11
2024-05-13,Team_F,Southwest,35,27,1.58,0,13
2024-05-13,Team_G,Midwest,20,18,2.9,5,24
2024-05-13,Team_H,Northeast,17,14,2.42,4,17
2024-05-14,Team_A,Midwest,22,18,2.95,4,30
2024-05-14,Team_B,Northeast,46,40,2.11,4,27
2024-05-14,Team_C,Southwest,10,7,3.3,5,28
2024-05-14,Team_D,Northeast,50,35,5.1,1,0
2024-05-14,Team_E,West,31,26,5.37,1,3
2024-05-14,Team_F,West,46,41,5.24,1,6
2024-05-14,Team_G,Southwest,25,21,2.05,3,22
2024-05-14,Team_H,West,45,34,2.11,2,10
2024-05-15,Team_A,West,45,33,4.73,1,3
2024-05-15,Team_B,Southeast,46,38,2.31,1,3
2024-05-15,Team_C,West,47,42,3.66,4,19
2024-05-15,Team_D,Midwest,10,8,4.28,1,24
2024-05-15,Team_E,Southeast,29,26,3.06,4,16
2024-05-15,Team_F,Southwest,22,21,2.74,5,30
2024-05-15,Team_G,Southeast,16,15,4.84,4,1
2024-05-15,Team_H,Southeast,21,19,2.87,4,29
2024-05-16,Team_A,West,37,32,3.9,0,25
2024-05-16,Team_B,Southeast,39,32,5.01,2,16
2024-05-16,Team_C,Northeast,43,31,5.26,4,15
2024-05-16,Team_D,Southwest,26,23,2.46,1,22
2024-05-16,Team_E,Southwest,44,35,2.6,1,0
2024-05-16,Team_F,Midwest,27,20,3.81,3,8
2024-05-16,Team_G,Midwest,12,11,3.39,4,9
2024-05-16,Team_H,Midwest,21,18,2.62,4,21
2024-05-17,Team_A,Southwest,40,35,4.35,0,24
2024-05-17,Team_B,Southeast,20,17,5.56,3,19
2024-05-17,Team_C,Northeast,48,34,4.23,4,21
2024-05-17,Team_D,Northeast,18,12,3.45,3,2
2024-05-17,Team_E,Northeast,26,20,4.22,0,22
2024-05-17,Team_F,Southeast,25,24,2.82,1,19
2024-05-17,Team_G,West,37,25,2.79,0,7
2024-05-17,Team_H,Midwest,40,38,2.85,2,6
2024-05-20,Team_A,Southeast,45,33,4.37,0,19
2024-05-20,Team_B,Southeast,42,39,1.76,2,21
2024-05-20,Team_C,Southeast,10,8,5.71,3,7
2024-05-20,Team_D,Southeast,24,18,3.22,2,10
2024-05-20,Team_E,West,39,31,3.97,3,21
2024-05-20,Team_F,Northeast,36,29,3.77,4,8
2024-05-20,Team_G,Southwest,22,19,2.5,5,28
2024-05-20,Team_H,West,17,16,2.33,5,3
2024-05-21,Team_A,Northeast,42,30,5.24,2,0
2024-05-21,Team_B,West,27,24,3.09,3,26
2024-05-21,Team_C,West,11,8,3.44,5,23
2024-05-21,Team_D,Southeast,35,25,2.83,4,7
2024-05-21,Team_E,Southwest,19,14,3.32,4,14
2024-05-21,Team_F,Northeast,39,38,3.77,1,19
2024-05-21,Team_G,Southwest,25,23,3.31,3,17
2024-05-21,Team_H,Midwest,29,21,3.32,2,9
2024-05-22,Team_A,Southwest,44,40,4.44,0,3
2024-05-22,Team_B,Southeast,37,26,2.0,5,4
2024-05-22,Team_C,Northeast,47,37,2.66,0,26
2024-05-22,Team_D,Southwest,22,17,2.08,0,24
2024-05-22,Team_E,Northeast,47,39,5.92,1,7
2024-05-22,Team_F,Northeast,16,12,4.43,4,6
2024-05-22,Team_G,Northeast,11,10,4.01,5,19
2024-05-22,Team_H,Northeast,47,41,5.93,4,26
2024-05-23,Team_A,Southwest,43,39,2.04,1,21
2024-05-23,Team_B,Southwest,45,35,4.53,2,17
2024-05-23,Team_C,Northeast,11,8,5.2,3,11
2024-05-23,Team_D,Southwest,49,42,4.29,4,30
2024-05-23,Team_E,West,17,13,2.54,1,12
2024-05-23,Team_F,Northeast,23,18,2.7,0,28
2024-05-23,Team_G,Southeast,43,40,2.92,2,17
2024-05-23,Team_H,Southeast,23,19,4.41,5,17
2024-05-24,Team_A,Southwest,30,29,4.0,3,0
2024-05-24,Team_B,Northeast,16,14,2.67,1,0
2024-05-24,Team_C,Southeast,17,16,4.39,4,29
2024-05-24,Team_D,Southwest,16,15,2.33,2,0
2024-05-24,Team_E,Northeast,30,23,4.33,5,19
2024-05-24,Team_F,West,26,24,2.22,5,3
2024-05-24,Team_G,Southeast,37,34,4.35,2,29
2024-05-24,Team_H,Southeast,37,26,2.59,3,19
2024-05-27,Team_A,Northeast,32,22,4.22,5,8
2024-05-27,Team_B,Northeast,32,29,5.85,2,0
2024-05-27,Team_C,West,49,44,3.42,1,3
2024-05-27,Team_D,Southeast,49,35,4.64,1,4
2024-05-27,Team_E,Midwest,40,28,3.82,0,12
2024-05-27,Team_F,Southeast,45,32,1.77,1,18
2024-05-27,Team_G,Northeast,45,35,5.48,3,17
2024-05-27,Team_H,West,30,21,1.61,5,28
2024-05-28,Team_A,Northeast,19,15,3.82,2,13
2024-05-28,Team_B,Southeast,13,12,5.91,2,24
2024-05-28,Team_C,Midwest,22,19,3.18,5,0
2024-05-28,Team_D,West,26,21,2.9,1,7
2024-05-28,Team_E,West,18,16,2.88,4,22
2024-05-28,Team_F,West,25,24,3.52,4,4
2024-05-28,Team_G,Southeast,25,23,3.13,1,0
2024-05-28,Team_H,Southwest,16,13,1.9,1,6
2024-05-29,Team_A,Northeast,48,45,3.19,4,4
2024-05-29,Team_B,Southwest,26,24,5.37,5,1
2024-05-29,Team_C,West,34,25,5.29,5,29
2024-05-29,Team_D,Midwest,43,34,3.13,2,23
2024-05-29,Team_E,Southeast,25,21,5.17,4,15
2024-05-29,Team_F,Southwest,46,39,2.88,3,3
2024-05-29,Team_G,Midwest,46,32,5.44,2,10
2024-05-29,Team_H,Northeast,36,35,4.9,1,3
2024-05-30,Team_A,West,38,37,3.12,4,15
2024-05-30,Team_B,Southeast,42,34,3.56,1,20
2024-05-30,Team_C,Southwest,22,21,1.58,0,7
2024-05-30,Team_D,Southwest,18,13,2.48,3,23
2024-05-30,Team_E,Southwest,49,35,5.81,1,29
2024-05-30,Team_F,Southeast,16,13,5.45,4,23
2024-05-30,Team_G,West,18,17,4.51,2,8
2024-05-30,Team_H,Southwest,49,35,1.58,0,22
2024-05-31,Team_A,Midwest,26,23,5.88,2,1
2024-05-31,Team_B,West,49,44,1.93,4,12
2024-05-31,Team_C,Southeast,49,43,2.1,5,10
2024-05-31,Team_D,Southeast,24,21,2.09,0,25
2024-05-31,Team_E,Southeast,31,23,3.25,4,2
2024-05-31,Team_F,West,21,17,3.48,5,26
2024-05-31,Team_G,West,12,11,4.24,1,15
2024-05-31,Team_H,Southwest,47,33,1.79,3,5
2024-06-03,Team_A,Midwest,24,21,3.16,0,24
2024-06-03,Team_B,Midwest,21,16,2.0,4,30
2024-06-03,Team_C,Southwest,48,43,4.15,3,2
2024-06-03,Team_D,Southeast,16,13,2.97,5,12
2024-06-03,Team_E,Southeast,11,8,1.64,1,28
2024-06-03,Team_F,Northeast,35,32,4.99,4,8
2024-06-03,Team_G,Southeast,13,11,2.1,4,15
2024-06-03,Team_H,West,31,30,4.87,0,22
2024-06-04,Team_A,Midwest,40,35,1.63,0,30
2024-06-04,Team_B,Southwest,21,15,5.44,3,22
2024-06-04,Team_C,West,27,19,4.2,2,21
2024-06-04,Team_D,Midwest,11,8,5.77,0,19
2024-06-04,Team_E,Southwest,12,9,3.8,1,26
2024-06-04,Team_F,Southwest,10,7,1.51,3,18
2024-06-04,Team_G,Southwest,49,38,4.57,3,23
2024-06-04,Team_H,West,14,12,4.67,1,15
2024-06-05,Team_A,Southwest,16,15,3.05,4,19
2024-06-05,Team_B,Northeast,40,31,3.33,5,13
2024-06-05,Team_C,West,18,15,5.05,3,12
2024-06-05,Team_D,Northeast,27,25,4.49,4,28
2024-06-05,Team_E,Northeast,45,41,2.39,5,17
2024-06-05,Team_F,Southwest,15,13,2.43,3,28
2024-06-05,Team_G,Southwest,39,36,5.01,2,14
2024-06-05,Team_H,West,12,10,4.24,4,28
2024-06-06,Team_A,Southwest,17,16,2.95,5,1
2024-06-06,Team_B,Midwest,16,12,3.64,0,0
2024-06-06,Team_C,Southwest,41,38,3.75,0,6
2024-06-06,Team_D,West,47,39,4.42,4,17
2024-06-06,Team_E,Midwest,13,9,5.72,4,23
2024-06-06,Team_F,Midwest,48,35,5.27,1,25
2024-06-06,Team_G,Midwest,32,31,3.6,4,19
2024-06-06,Team_H,West,45,44,4.46,3,25
2024-06-07,Team_A,Northeast,44,39,2.54,0,1
2024-06-07,Team_B,Southeast,11,8,5.15,5,25
2024-06-07,Team_C,Southwest,36,31,4.11,0,26
2024-06-07,Team_D,West,44,34,2.74,5,13
2024-06-07,Team_E,Southwest,23,16,1.52,4,24
2024-06-07,Team_F,Northeast,43,33,5.47,3,0
2024-06-07,Team_G,Northeast,22,20,1.68,5,19
2024-06-07,Team_H,Northeast,11,8,4.76,3,30
2024-06-10,Team_A,West,16,12,2.86,5,9
2024-06-10,Team_B,West,15,10,2.02,1,9
2024-06-10,Team_C,Northeast,25,23,2.07,1,24
2024-06-10,Team_D,Southwest,49,35,4.11,2,24
2024-06-10,Team_E,Midwest,44,34,4.59,0,8
2024-06-10,Team_F,Southwest,31,29,2.02,0,2
2024-06-10,Team_G,Midwest,25,22,3.33,4,24
2024-06-10,Team_H,Southwest,36,34,4.26,1,26
2024-06-11,Team_A,Midwest,36,33,2.58,2,4
2024-06-11,Team_B,Midwest,48,44,4.37,2,4
2024-06-11,Team_C,West,28,24,2.46,2,22
2024-06-11,Team_D,Northeast,27,20,3.7,0,29
2024-06-11,Team_E,Southeast,31,28,2.46,1,21
2024-06-11,Team_F,Midwest,14,12,2.38,3,5
2024-06-11,Team_G,West,36,32,1.84,3,0
2024-06-11,Team_H,Southwest,19,13,3.91,5,19
2024-06-12,Team_A,Northeast,37,26,4.46,4,14
2024-06-12,Team_B,West,29,26,1.74,0,30
2024-06-12,Team_C,Southeast,24,23,3.28,4,22
2024-06-12,Team_D,Southwest,25,23,3.27,1,21
2024-06-12,Team_E,West,44,38,5.2,0,11
2024-06-12,Team_F,Midwest,46,35,2.19,2,19
2024-06-12,Team_G,Southeast,44,32,4.19,0,29
2024-06-12,Team_H,Midwest,33,29,2.08,4,24
2024-06-13,Team_A,Southeast,45,36,4.34,1,24
2024-06-13,Team_B,Midwest,49,43,5.5,1,27
2024-06-13,Team_C,Southwest,46,38,4.42,4,24
2024-06-13,Team_D,Southwest,22,15,3.61,3,6
2024-06-13,Team_E,Southeast,49,37,2.76,4,23
2024-06-13,Team_F,Southwest,16,15,4.89,5,8
2024-06-13,Team_G,Southwest,17,15,3.18,1,8
2024-06-13,Team_H,Southwest,32,30,5.61,0,18
2024-06-14,Team_A,Southwest,32,22,3.84,0,30
2024-06-14,Team_B,Southwest,31,26,5.16,4,30
2024-06-14,Team_C,West,21,20,1.93,0,15
2024-06-14,Team_D,West,28,20,4.35,2,29
2024-06-14,Team_E,Northeast,42,29,3.87,3,1
2024-06-14,Team_F,Southeast,43,31,3.0,2,3
2024-06-14,Team_G,West,43,31,4.35,5,21
2024-06-14,Team_H,Midwest,12,9,4.08,2,14
2024-06-17,Team_A,Southwest,44,34,5.99,3,22
2024-06-17,Team_B,Northeast,37,33,4.25,4,9
2024-06-17,Team_C,Midwest,39,28,2.01,4,10
2024-06-17,Team_D,Southeast,11,8,4.33,4,22
2024-06-17,Team_E,Midwest,19,17,5.05,3,10
2024-06-17,Team_F,Southwest,17,15,3.12,2,2
2024-06-17,Team_G,Midwest,22,17,4.83,1,4
2024-06-17,Team_H,Midwest,41,35,2.17,1,20
2024-06-18,Team_A,West,45,43,4.58,3,19
2024-06-18,Team_B,Southwest,24,19,5.22,4,23
2024-06-18,Team_C,Southwest,28,26,3.54,0,4
2024-06-18,Team_D,Southwest,23,22,3.29,2,23
2024-06-18,Team_E,Northeast,27,23,5.45,1,17
2024-06-18,Team_F,Southeast,50,41,4.37,1,18
2024-06-18,Team_G,Southeast,26,24,4.49,0,21
2024-06-18,Team_H,Northeast,14,12,2.96,2,6
2024-06-19,Team_A,West,24,19,4.15,1,26
2024-06-19,Team_B,Northeast,20,17,3.19,5,0
2024-06-19,Team_C,Southeast,21,19,3.24,0,30
2024-06-19,Team_D,Southwest,31,28,4.22,1,10
2024-06-19,Team_E,Northeast,12,9,2.98,3,15
2024-06-19,Team_F,Midwest,43,37,5.08,0,2
2024-06-19,Team_G,Midwest,14,10,4.21,4,26
2024-06-19,Team_H,Southeast,22,20,3.39,4,21
2024-06-20,Team_A,Northeast,23,19,5.5,1,16
2024-06-20,Team_B,West,14,9,3.63,2,19
2024-06-20,Team_C,Southwest,27,19,3.07,1,15
2024-06-20,Team_D,Midwest,31,30,2.5,1,18
2024-06-20,Team_E,Southeast,47,41,2.44,3,5
2024-06-20,Team_F,Midwest,32,26,5.03,1,19
2024-06-20,Team_G,Southeast,16,11,2.56,2,25
2024-06-20,Team_H,West,10,7,4.48,5,7
2024-06-21,Team_A,Southeast,28,23,5.54,2,8
2024-06-21,Team_B,Southwest,43,40,3.66,1,15
2024-06-21,Team_C,Southwest,30,24,5.06,5,12
2024-06-21,Team_D,West,17,15,1.87,1,14
2024-06-21,Team_E,West,32,28,5.94,5,22
2024-06-21,Team_F,West,29,20,2.98,3,20
2024-06-21,Team_G,Northeast,50,47,3.25,1,19
2024-06-21,Team_H,Midwest,35,26,4.18,0,22
2024-06-24,Team_A,Southwest,47,40,2.13,1,18
2024-06-24,Team_B,Southwest,29,21,4.2,1,10
2024-06-24,Team_C,Northeast,34,33,2.01,0,30
2024-06-24,Team_D,Southeast,12,11,4.19,2,15
2024-06-24,Team_E,West,48,42,2.49,1,17
2024-06-24,Team_F,West,45,36,2.46,0,5
2024-06-24,Team_G,West,39,30,3.77,5,13
2024-06-24,Team_H,Southeast,45,40,5.97,5,4
2024-06-25,Team_A,Midwest,17,14,5.38,0,10
2024-06-25,Team_B,Southeast,15,13,3.88,0,8
2024-06-25,Team_C,Midwest,44,42,3.68,2,24
2024-06-25,Team_D,Midwest,25,20,4.96,4,20
2024-06-25,Team_E,Northeast,10,8,4.73,1,23
2024-06-25,Team_F,Northeast,28,22,3.08,5,26
2024-06-25,Team_G,Northeast,39,33,5.51,4,13
2024-06-25,Team_H,Midwest,12,9,5.33,1,23
2024-06-26,Team_A,Southeast,33,29,4.53,1,17
2024-06-26,Team_B,West,40,34,3.22,4,18
2024-06-26,Team_C,Southwest,18,16,5.91,0,25
2024-06-26,Team_D,Southeast,50,49,3.06,0,2
2024-06-26,Team_E,West,14,12,3.15,4,6
2024-06-26,Team_F,West,38,30,3.88,5,8
2024-06-26,Team_G,Southeast,47,39,2.66,3,20
2024-06-26,Team_H,Southwest,23,16,5.64,4,2
2024-06-27,Team_A,West,21,17,2.3,2,30
2024-06-27,Team_B,Midwest,19,16,4.6,0,25
2024-06-27,Team_C,Southwest,14,10,2.96,3,18
2024-06-27,Team_D,West,48,47,5.28,2,27
2024-06-27,Team_E,Northeast,16,13,5.48,3,0
2024-06-27,Team_F,Southeast,41,37,2.05,2,11
2024-06-27,Team_G,West,42,39,4.91,3,12
2024-06-27,Team_H,Southeast,43,33,3.2,5,25
2024-06-28,Team_A,Midwest,12,10,5.12,4,30
2024-06-28,Team_B,Southwest,40,35,4.75,4,4
2024-06-28,Team_C,Midwest,16,13,4.35,4,1
2024-06-28,Team_D,Southwest,48,36,2.45,1,6
2024-06-28,Team_E,Northeast,48,47,2.72,3,15
2024-06-28,Team_F,West,44,32,2.48,3,0
2024-06-28,Team_G,West,32,24,3.45,1,29
2024-06-28,Team_H,Northeast,44,31,1.79,0,27
2024-07-01,Team_A,Northeast,20,18,1.82,4,22
2024-07-01,Team_B,Southwest,11,8,4.12,3,6
2024-07-01,Team_C,Midwest,18,14,2.25,1,21
2024-07-01,Team_D,Southwest,39,35,3.29,0,25
2024-07-01,Team_E,Northeast,50,36,2.25,2,1
2024-07-01,Team_F,Northeast,10,7,2.71,5,19
2024-07-01,Team_G,Southeast,41,30,4.46,3,17
2024-07-01,Team_H,Northeast,31,27,2.17,2,4
2024-07-02,Team_A,Southeast,31,25,2.2,5,17
2024-07-02,Team_B,Midwest,12,10,4.89,5,15
2024-07-02,Team_C,West,28,22,3.03,4,9
2024-07-02,Team_D,Southeast,47,40,2.15,3,24
2024-07-02,Team_E,West,29,24,3.23,2,6
2024-07-02,Team_F,Southeast,23,21,4.09,4,4
2024-07-02,Team_G,Southwest,12,11,3.1,0,7
2024-07-02,Team_H,Southwest,32,28,2.96,0,15
2024-07-03,Team_A,Southeast,12,10,1.63,2,13
2024-07-03,Team_B,Southeast,45,39,4.17,3,22
2024-07-03,Team_C,Southwest,16,11,3.16,4,27
2024-07-03,Team_D,Southeast,32,27,3.3,3,5
2024-07-03,Team_E,Southeast,38,35,3.49,0,11
2024-07-03,Team_F,Southwest,47,38,2.7,4,23
2024-07-03,Team_G,Midwest,30,27,5.7,2,4
2024-07-03,Team_H,Northeast,30,28,4.61,1,0
2024-07-04,Team_A,West,47,34,2.42,4,4
2024-07-04,Team_B,Northeast,11,7,3.15,2,2
2024-07-04,Team_C,Midwest,33,32,3.79,2,13
2024-07-04,Team_D,Southwest,50,46,4.72,1,16
2024-07-04,Team_E,Southeast,44,36,4.81,3,16
2024-07-04,Team_F,Midwest,22,19,3.95,0,30
2024-07-04,Team_G,Northeast,40,32,4.67,3,30
2024-07-04,Team_H,West,35,32,5.03,1,1
2024-07-05,Team_A,Southeast,45,35,2.16,4,7
2024-07-05,Team_B,Northeast,30,21,5.04,0,2
2024-07-05,Team_C,Midwest,50,41,3.88,2,20
2024-07-05,Team_D,West,10,7,5.5,3,24
2024-07-05,Team_E,Southwest,32,23,5.26,0,11
2024-07-05,Team_F,Southeast,35,28,2.44,2,22
2024-07-05,Team_G,Northeast,36,25,1.66,2,10
2024-07-05,Team_H,Northeast,34,27,4.51,2,5
2024-07-08,Team_A,West,30,21,5.87,0,5
2024-07-08,Team_B,Southwest,39,34,4.48,1,10
2024-07-08,Team_C,Southwest,15,14,1.88,4,22
2024-07-08,Team_D,Midwest,12,11,1.63,3,19
2024-07-08,Team_E,West,20,18,4.56,5,21
2024-07-08,Team_F,Northeast,37,27,1.7,1,18
2024-07-08,Team_G,Southeast,33,27,2.89,3,27
2024-07-08,Team_H,Midwest,50,48,2.89,0,30
2024-07-09,Team_A,West,26,18,3.68,2,19
2024-07-09,Team_B,Southeast,22,17,3.15,2,3
2024-07-09,Team_C,Southwest,18,13,3.41,2,2
2024-07-09,Team_D,West,37,28,5.42,3,17
2024-07-09,Team_E,Midwest,41,40,2.37,1,30
2024-07-09,Team_F,Southwest,14,13,3.03,1,4
2024-07-09,Team_G,Southeast,22,17,5.86,4,24
2024-07-09,Team_H,Southeast,29,26,2.18,0,8
2024-07-10,Team_A,Midwest,43,39,5.63,5,10
2024-07-10,Team_B,Southwest,49,46,2.07,5,30
2024-07-10,Team_C,Southwest,50,47,3.59,0,24
2024-07-10,Team_D,Southeast,10,9,5.23,3,15
2024-07-10,Team_E,West,48,46,4.15,5,11
2024-07-10,Team_F,Northeast,13,9,4.72,2,13
2024-07-10,Team_G,Southwest,23,19,3.87,1,9
2024-07-10,Team_H,Southwest,30,22,2.09,1,21
2024-07-11,Team_A,Southeast,26,22,3.71,5,29
2024-07-11,Team_B,Midwest,30,21,2.13,4,6
2024-07-11,Team_C,West,10,9,3.26,5,12
2024-07-11,Team_D,Southeast,25,23,5.74,1,25
2024-07-11,Team_E,Northeast,41,30,3.79,5,30
2024-07-11,Team_F,West,23,18,5.04,3,18
2024-07-11,Team_G,Midwest,31,27,2.27,4,20
2024-07-11,Team_H,Northeast,10,9,5.17,2,5
2024-07-12,Team_A,Midwest,33,25,3.13,2,14
2024-07-12,Team_B,Northeast,19,14,2.72,3,14
2024-07-12,Team_C,West,28,20,2.03,3,3
2024-07-12,Team_D,West,30,24,3.87,3,27
2024-07-12,Team_E,Northeast,35,30,3.19,1,16
2024-07-12,Team_F,Northeast,18,17,5.84,2,8
2024-07-12,Team_G,West,16,15,5.13,5,15
2024-07-12,Team_H,Southwest,45,37,3.07,2,18
2024-07-15,Team_A,Southeast,47,46,4.79,4,10
2024-07-15,Team_B,Southeast,20,18,5.39,5,22
2024-07-15,Team_C,Midwest,17,14,3.3,1,1
2024-07-15,Team_D,Northeast,13,10,2.59,4,29
2024-07-15,Team_E,Northeast,18,14,3.65,1,9
2024-07-15,Team_F,Southwest,47,38,5.44,0,8
2024-07-15,Team_G,Northeast,49,48,4.7,3,16
2024-07-15,Team_H,Southeast,26,21,1.8,1,16
2024-07-16,Team_A,West,26,25,2.64,5,12
2024-07-16,Team_B,Midwest,18,16,4.14,3,2
2024-07-16,Team_C,Southeast,28,25,2.24,0,4
2024-07-16,Team_D,Southeast,12,9,4.83,1,7
2024-07-16,Team_E,Midwest,24,20,4.56,1,5
2024-07-16,Team_F,West,12,8,4.0,1,7
2024-07-16,Team_G,Midwest,12,8,2.71,3,26
2024-07-16,Team_H,Southeast,28,20,3.27,0,5
2024-07-17,Team_A,Northeast,49,44,2.07,3,23
2024-07-17,Team_B,Southeast,13,12,5.8,4,13
2024-07-17,Team_C,Northeast,32,27,2.37,1,15
2024-07-17,Team_D,Midwest,42,36,5.79,2,26
2024-07-17,Team_E,West,50,38,3.23,1,16
2024-07-17,Team_F,Midwest,34,31,3.89,4,1
2024-07-17,Team_G,Southeast,27,23,5.93,2,1
2024-07-17,Team_H,West,37,32,5.14,0,7
2024-07-18,Team_A,West,24,20,3.94,4,20
2024-07-18,Team_B,West,38,30,4.09,2,0
2024-07-18,Team_C,Southeast,49,41,3.25,0,23
2024-07-18,Team_D,Southwest,25,19,2.15,0,30
2024-07-18,Team_E,Northeast,39,30,3.34,1,17
2024-07-18,Team_F,Northeast,41,35,2.42,5,30
2024-07-18,Team_G,West,43,33,2.95,3,23
2024-07-18,Team_H,West,49,34,4.17,2,8
2024-07-19,Team_A,Northeast,48,37,4.2,4,26
2024-07-19,Team_B,West,30,21,1.58,4,26
2024-07-19,Team_C,Midwest,49,46,5.13,0,14
2024-07-19,Team_D,Southeast,11,10,3.2,0,18
2024-07-19,Team_E,Northeast,34,31,5.55,0,6
2024-07-19,Team_F,Midwest,18,12,4.5,1,10
2024-07-19,Team_G,Southwest,29,26,4.38,5,14
2024-07-19,Team_H,Southwest,39,28,2.23,1,15
2024-07-22,Team_A,West,30,22,2.74,2,0
2024-07-22,Team_B,Southwest,44,31,1.71,5,30
2024-07-22,Team_C,Southeast,23,17,5.85,4,11
2024-07-22,Team_D,Northeast,17,14,5.81,4,26
2024-07-22,Team_E,Southwest,24,17,4.96,2,12
2024-07-22,Team_F,West,46,43,4.21,4,13
2024-07-22,Team_G,Southwest,23,22,1.55,4,17
2024-07-22,Team_H,Southeast,10,7,2.93,3,7
2024-07-23,Team_A,Southeast,30,24,3.67,4,14
2024-07-23,Team_B,Midwest,12,11,1.6,2,16
2024-07-23,Team_C,West,19,18,3.82,2,19
2024-07-23,Team_D,Midwest,13,11,4.55,0,9
2024-07-23,Team_E,Southwest,13,11,5.28,0,18
2024-07-23,Team_F,West,38,32,4.08,1,15
2024-07-23,Team_G,Southeast,46,45,5.64,3,17
2024-07-23,Team_H,Northeast,34,29,3.8,3,20
2024-07-24,Team_A,Midwest,33,24,3.35,1,22
2024-07-24,Team_B,Midwest,21,19,1.56,4,0
2024-07-24,Team_C,Southeast,44,31,4.35,2,12
2024-07-24,Team_D,Midwest,13,11,1.52,3,16
2024-07-24,Team_E,West,12,11,3.83,3,29
2024-07-24,Team_F,Northeast,49,46,4.86,4,10
2024-07-24,Team_G,Southeast,20,17,5.63,2,28
2024-07-24,Team_H,Midwest,46,42,5.8,1,24
2024-07-25,Team_A,Southeast,39,28,2.92,4,10
2024-07-25,Team_B,West,41,30,1.76,2,26
2024-07-25,Team_C,Midwest,23,17,5.76,2,22
2024-07-25,Team_D,Southeast,24,20,4.74,1,8
2024-07-25,Team_E,Southeast,47,42,3.88,0,23
2024-07-25,Team_F,Midwest,17,16,4.94,5,5
2024-07-25,Team_G,West,42,31,4.53,3,30
2024-07-25,Team_H,West,33,31,3.02,0,28
2024-07-26,Team_A,Midwest,42,29,5.79,2,16
2024-07-26,Team_B,Northeast,40,35,4.05,2,3
2024-07-26,Team_C,Midwest,21,19,4.68,3,30
2024-07-26,Team_D,Northeast,21,16,3.49,0,14
2024-07-26,Team_E,Midwest,37,35,5.43,1,17
2024-07-26,Team_F,Southeast,41,34,2.09,2,30
2024-07-26,Team_G,Midwest,27,23,2.95,4,24
2024-07-26,Team_H,Southwest,44,37,4.48,3,21
2024-07-29,Team_A,Southeast,35,24,2.73,0,29
2024-07-29,Team_B,Southeast,39,38,1.82,2,4
2024-07-29,Team_C,Southeast,44,36,4.36,4,30
2024-07-29,Team_D,Southeast,49,34,2.69,2,18
2024-07-29,Team_E,West,23,19,2.54,3,11
2024-07-29,Team_F,Southeast,27,23,1.51,5,5
2024-07-29,Team_G,Southwest,42,34,4.86,4,15
2024-07-29,Team_H,Southwest,43,35,4.08,1,16
2024-07-30,Team_A,Southeast,19,15,5.27,4,24
2024-07-30,Team_B,Midwest,34,33,1.73,4,20
2024-07-30,Team_C,Southeast,16,14,3.78,1,29
2024-07-30,Team_D,Southeast,28,24,4.45,4,7
2024-07-30,Team_E,Southeast,26,24,2.31,5,11
2024-07-30,Team_F,West,40,35,3.59,2,18
2024-07-30,Team_G,Southwest,29,24,3.41,5,21
2024-07-30,Team_H,Northeast,39,27,2.47,5,9
2024-07-31,Team_A,Midwest,22,21,5.77,2,12
2024-07-31,Team_B,Southeast,40,29,4.02,1,15
2024-07-31,Team_C,Southeast,41,39,2.83,2,14
2024-07-31,Team_D,Southeast,27,25,3.72,3,20
2024-07-31,Team_E,West,24,17,5.81,1,20
2024-07-31,Team_F,Southwest,45,34,1.78,0,3
2024-07-31,Team_G,Midwest,32,22,4.32,4,18
2024-07-31,Team_H,Midwest,40,31,4.25,0,7
2024-08-01,Team_A,Southeast,40,30,3.21,0,7
2024-08-01,Team_B,Northeast,34,26,2.02,5,14
2024-08-01,Team_C,Southeast,37,36,2.88,2,4
2024-08-01,Team_D,Midwest,31,29,4.78,5,4
2024-08-01,Team_E,Southwest,11,8,4.54,2,29
2024-08-01,Team_F,Southeast,23,20,4.69,1,4
2024-08-01,Team_G,West,31,24,4.86,5,23
2024-08-01,Team_H,Northeast,12,10,3.74,3,21
2024-08-02,Team_A,Midwest,37,27,2.23,4,8
2024-08-02,Team_B,West,24,18,3.05,2,10
2024-08-02,Team_C,West,19,17,5.37,5,14
2024-08-02,Team_D,Southeast,17,12,4.52,4,26
2024-08-02,Team_E,Midwest,41,36,2.32,3,6
2024-08-02,Team_F,Southwest,18,14,5.03,2,16
2024-08-02,Team_G,West,17,16,2.51,4,24
2024-08-02,Team_H,Northeast,37,26,1.98,4,6
2024-08-05,Team_A,Southeast,40,31,1.79,1,3
2024-08-05,Team_B,Midwest,41,35,3.71,3,3
2024-08-05,Team_C,West,32,25,3.57,5,9
2024-08-05,Team_D,Northeast,29,21,4.7,4,12
2024-08-05,Team_E,Midwest,31,28,3.13,5,30
2024-08-05,Team_F,West,46,41,4.89,3,3
2024-08-05,Team_G,Southeast,36,29,4.64,4,29
2024-08-05,Team_H,Southeast,45,37,3.7,4,14
2024-08-06,Team_A,Southwest,17,14,4.49,2,23
2024-08-06,Team_B,West,32,30,1.68,4,20
2024-08-06,Team_C,Southwest,20,17,5.46,3,28
2024-08-06,Team_D,Southeast,14,10,2.96,2,9
2024-08-06,Team_E,Southeast,39,37,5.03,2,13
2024-08-06,Team_F,Southwest,42,41,1.62,3,28
2024-08-06,Team_G,Southwest,49,42,1.72,4,20
2024-08-06,Team_H,West,19,15,3.49,2,0
2024-08-07,Team_A,West,16,12,2.29,4,20
2024-08-07,Team_B,Northeast,38,26,4.44,2,6
2024-08-07,Team_C,Midwest,10,8,2.54,4,25
2024-08-07,Team_D,Midwest,47,37,5.96,3,29
2024-08-07,Team_E,Southwest,19,17,1.52,4,20
2024-08-07,Team_F,Midwest,40,38,1.89,5,17
2024-08-07,Team_G,Southwest,23,21,5.04,0,27
2024-08-07,Team_H,Midwest,17,15,4.39,1,30
2024-08-08,Team_A,Midwest,21,20,3.64,2,3
2024-08-08,Team_B,Southwest,45,35,4.05,4,5
2024-08-08,Team_C,Northeast,37,29,4.58,3,3
2024-08-08,Team_D,Southeast,50,49,5.56,5,13
2024-08-08,Team_E,Northeast,25,24,3.04,5,3
2024-08-08,Team_F,Southeast,29,28,1.83,4,10
2024-08-08,Team_G,Southeast,29,28,4.91,0,11
2024-08-08,Team_H,Northeast,28,25,3.33,0,15
2024-08-09,Team_A,Midwest,40,29,3.71,0,25
2024-08-09,Team_B,West,31,27,5.02,5,18
2024-08-09,Team_C,West,38,32,2.71,4,29
2024-08-09,Team_D,Northeast,24,17,4.27,4,13
2024-08-09,Team_E,Midwest,21,15,5.55,5,2
2024-08-09,Team_F,Southwest,10,7,3.39,2,12
2024-08-09,Team_G,Northeast,23,20,1.69,1,2
2024-08-09,Team_H,Midwest,39,31,3.28,2,26
2024-08-12,Team_A,West,21,17,3.87,1,8
2024-08-12,Team_B,Southwest,44,40,3.37,3,4
2024-08-12,Team_C,Southeast,11,9,4.58,0,20
2024-08-12,Team_D,Southwest,45,40,3.69,5,18
2024-08-12,Team_E,Midwest,49,41,5.09,5,1
2024-08-12,Team_F,Northeast,40,32,4.28,4,22
2024-08-12,Team_G,Southwest,11,9,5.7,5,16
2024-08-12,Team_H,Northeast,36,34,4.39,0,23
2024-08-13,Team_A,Southwest,46,42,4.91,0,23
2024-08-13,Team_B,Northeast,30,23,1.7,4,6
2024-08-13,Team_C,Midwest,20,17,3.35,1,15
2024-08-13,Team_D,Southeast,33,25,2.33,3,30
2024-08-13,Team_E,West,27,19,5.0,5,30
2024-08-13,Team_F,Midwest,22,16,3.69,1,19
2024-08-13,Team_G,Northeast,50,37,2.47,5,27
2024-08-13,Team_H,Southwest,22,19,1.93,5,30
2024-08-14,Team_A,Southwest,35,34,5.53,5,3
2024-08-14,Team_B,Midwest,19,14,3.67,3,3
2024-08-14,Team_C,Southwest,26,22,4.13,1,21
2024-08-14,Team_D,Midwest,13,9,5.64,2,7
2024-08-14,Team_E,Southeast,33,31,4.44,5,17
2024-08-14,Team_F,West,14,11,2.73,3,21
2024-08-14,Team_G,Southwest,13,12,2.58,0,5
2024-08-14,Team_H,Northeast,17,13,2.46,2,23
2024-08-15,Team_A,Midwest,32,26,5.04,1,8
2024-08-15,Team_B,Midwest,31,26,4.38,3,18
2024-08-15,Team_C,Northeast,40,39,5.81,1,4
2024-08-15,Team_D,West,16,15,5.34,2,28
2024-08-15,Team_E,Southeast,23,21,4.2,5,26
2024-08-15,Team_F,Midwest,22,20,5.19,3,24
2024-08-15,Team_G,West,45,42,2.94,1,16
2024-08-15,Team_H,Northeast,20,18,5.08,5,23
2024-08-16,Team_A,West,17,16,5.27,1,16
2024-08-16,Team_B,West,43,36,5.99,2,29
2024-08-16,Team_C,Southeast,11,9,4.01,3,0
2024-08-16,Team_D,Northeast,40,38,2.77,1,26
2024-08-16,Team_E,Southeast,13,12,3.1,2,23
2024-08-16,Team_F,Midwest,37,32,2.71,4,6
2024-08-16,Team_G,Northeast,45,36,4.36,2,1
2024-08-16,Team_H,Southeast,49,46,3.29,2,19
2024-08-19,Team_A,West,20,17,1.79,0,16
2024-08-19,Team_B,Southwest,36,25,3.24,5,2
2024-08-19,Team_C,Midwest,15,14,6.0,3,17
2024-08-19,Team_D,Southwest,32,31,3.51,0,23
2024-08-19,Team_E,Northeast,29,25,2.86,4,14
2024-08-19,Team_F,Southeast,12,10,2.75,2,1
2024-08-19,Team_G,Midwest,16,15,4.12,2,6
2024-08-19,Team_H,Southeast,41,37,2.73,5,8
2024-08-20,Team_A,Southeast,19,14,4.93,4,11
2024-08-20,Team_B,Northeast,42,33,3.98,4,17
2024-08-20,Team_C,Southeast,46,34,3.74,0,11
2024-08-20,Team_D,Midwest,27,26,4.34,2,0
2024-08-20,Team_E,Southwest,25,18,5.97,4,4
2024-08-20,Team_F,Southwest,32,28,3.44,1,18
2024-08-20,Team_G,Southwest,36,28,2.8,2,27
2024-08-20,Team_H,Northeast,46,42,1.96,3,30
2024-08-21,Team_A,West,45,31,5.54,3,30
2024-08-21,Team_B,Midwest,21,18,4.87,5,8
2024-08-21,Team_C,Southeast,34,30,1.78,2,30
2024-08-21,Team_D,Southwest,47,44,5.9,2,11
2024-08-21,Team_E,Midwest,33,27,5.75,4,20
2024-08-21,Team_F,West,43,37,3.96,1,4
2024-08-21,Team_G,Midwest,50,36,5.59,4,30
2024-08-21,Team_H,Midwest,39,29,2.51,5,14
2024-08-22,Team_A,Northeast,25,24,3.32,4,21
2024-08-22,Team_B,Southeast,35,33,1.77,0,26
2024-08-22,Team_C,Northeast,34,32,4.45,0,0
2024-08-22,Team_D,Midwest,41,31,2.83,2,26
2024-08-22,Team_E,West,14,11,4.5,1,27
2024-08-22,Team_F,Southwest,21,18,4.39,1,3
2024-08-22,Team_G,Southwest,47,45,2.96,0,13
2024-08-22,Team_H,Southwest,17,14,1.56,4,10
2024-08-23,Team_A,Northeast,24,22,5.75,2,2
2024-08-23,Team_B,Southeast,33,26,5.0,3,28
2024-08-23,Team_C,Southwest,25,23,5.19,2,29
2024-08-23,Team_D,Southwest,22,17,1.61,4,12
2024-08-23,Team_E,West,49,44,3.47,4,12
2024-08-23,Team_F,Southeast,46,40,2.79,3,17
2024-08-23,Team_G,Northeast,42,31,1.96,1,9
2024-08-23,Team_H,Southwest,49,45,2.74,4,30
2024-08-26,Team_A,Southeast,13,10,4.79,3,27
2024-08-26,Team_B,Northeast,48,45,4.03,4,26
2024-08-26,Team_C,Northeast,34,27,5.81,5,19
2024-08-26,Team_D,Northeast,40,38,4.41,0,24
2024-08-26,Team_E,Southwest,37,28,1.69,5,27
2024-08-26,Team_F,Northeast,23,18,4.82,5,29
2024-08-26,Team_G,West,35,33,5.16,5,23
2024-08-26,Team_H,Southwest,19,15,4.77,1,16
2024-08-27,Team_A,Southwest,47,45,3.72,3,11
2024-08-27,Team_B,Southeast,17,16,2.2,4,17
2024-08-27,Team_C,Midwest,45,35,4.61,5,0
2024-08-27,Team_D,West,15,13,5.2,0,16
2024-08-27,Team_E,Northeast,40,31,5.65,2,5
2024-08-27,Team_F,Southwest,24,21,2.09,5,30
2024-08-27,Team_G,Southeast,38,34,1.88,4,21
2024-08-27,Team_H,West,29,26,5.75,5,22
2024-08-28,Team_A,West,13,12,3.82,2,18
2024-08-28,Team_B,West,12,10,2.31,5,14
2024-08-28,Team_C,Northeast,16,12,4.38,5,27
2024-08-28,Team_D,West,49,36,2.8,4,15
2024-08-28,Team_E,West,43,32,3.16,0,16
2024-08-28,Team_F,Southwest,35,34,2.52,5,6
2024-08-28,Team_G,West,27,19,4.77,5,29
2024-08-28,Team_H,Midwest,23,19,1.83,5,10
2024-08-29,Team_A,Southeast,47,39,1.71,3,29
2024-08-29,Team_B,Southwest,45,38,1.71,5,23
2024-08-29,Team_C,West,11,8,2.35,1,18
2024-08-29,Team_D,Midwest,23,16,3.46,0,21
2024-08-29,Team_E,West,21,14,2.51,4,17
2024-08-29,Team_F,Southwest,31,23,1.92,3,14
2024-08-29,Team_G,Southeast,31,27,1.74,2,29
2024-08-29,Team_H,Southwest,36,29,2.06,4,7
2024-08-30,Team_A,Midwest,29,23,3.47,2,24
2024-08-30,Team_B,Southwest,17,13,4.65,2,5
2024-08-30,Team_C,West,48,45,5.53,3,15
2024-08-30,Team_D,Southeast,25,18,2.02,3,24
2024-08-30,Team_E,Southwest,47,34,2.83,4,26
2024-08-30,Team_F,Southwest,48,37,3.69,3,0
2024-08-30,Team_G,Northeast,13,12,4.92,1,19
2024-08-30,Team_H,Northeast,26,24,2.19,2,4
2024-09-02,Team_A,Southeast,41,31,4.28,0,28
2024-09-02,Team_B,Southeast,24,22,3.24,2,24
2024-09-02,Team_C,Southwest,45,34,4.71,4,10
2024-09-02,Team_D,Midwest,10,8,3.81,4,20
2024-09-02,Team_E,Midwest,48,43,4.13,4,8
2024-09-02,Team_F,West,40,32,3.3,2,24
2024-09-02,Team_G,West,34,28,5.98,2,17
2024-09-02,Team_H,Southeast,22,21,1.92,0,19
2024-09-03,Team_A,West,21,16,1.8,2,20
2024-09-03,Team_B,Southwest,14,13,4.65,4,18
2024-09-03,Team_C,West,25,17,1.5,3,18
2024-09-03,Team_D,West,40,31,5.22,5,4
2024-09-03,Team_E,Southwest,18,13,5.49,2,0
2024-09-03,Team_F,Northeast,40,38,5.13,2,29
2024-09-03,Team_G,West,18,13,4.77,0,19
2024-09-03,Team_H,Midwest,48,36,2.0,0,10
2024-09-04,Team_A,Northeast,11,8,2.34,2,12
2024-09-04,Team_B,Northeast,16,15,4.89,5,5
2024-09-04,Team_C,Midwest,43,32,4.1,5,19
2024-09-04,Team_D,Southeast,17,14,3.2,4,0
2024-09-04,Team_E,West,41,40,5.45,4,22
2024-09-04,Team_F,Northeast,46,33,1.78,2,3
2024-09-04,Team_G,West,17,12,4.83,1,21
2024-09-04,Team_H,West,22,16,4.86,4,12
2024-09-05,Team_A,Southeast,41,33,2.02,5,21
2024-09-05,Team_B,Southwest,46,40,2.11,1,29
2024-09-05,Team_C,Southeast,50,40,5.45,0,14
2024-09-05,Team_D,Midwest,17,13,3.37,0,24
2024-09-05,Team_E,Southeast,12,9,1.65,5,12
2024-09-05,Team_F,West,41,31,3.46,4,10
2024-09-05,Team_G,Southeast,16,15,1.93,0,7
2024-09-05,Team_H,Southeast,29,24,2.16,0,21
2024-09-06,Team_A,Northeast,29,20,3.07,4,13
2024-09-06,Team_B,Midwest,17,12,3.54,4,20
2024-09-06,Team_C,Northeast,39,29,3.14,4,24
2024-09-06,Team_D,Northeast,49,39,3.93,5,3
2024-09-06,Team_E,Southwest,39,30,3.12,0,10
2024-09-06,Team_F,Midwest,30,22,3.34,1,8
2024-09-06,Team_G,Northeast,49,35,4.61,2,26
2024-09-06,Team_H,West,38,37,1.63,5,22
2024-09-09,Team_A,Midwest,46,36,4.3,2,21
2024-09-09,Team_B,West,46,35,4.24,0,8
2024-09-09,Team_C,West,15,14,2.53,0,2
2024-09-09,Team_D,West,31,29,3.42,4,10
2024-09-09,Team_E,Southwest,28,23,4.46,5,6
2024-09-09,Team_F,Southwest,32,31,4.32,4,19
2024-09-09,Team_G,Southeast,42,32,2.29,4,18
2024-09-09,Team_H,Southwest,14,13,5.64,2,7
2024-09-10,Team_A,Midwest,25,22,3.82,2,22
2024-09-10,Team_B,Northeast,14,10,5.46,0,5
2024-09-10,Team_C,Southwest,46,37,4.57,2,6
2024-09-10,Team_D,Southwest,13,10,3.0,3,10
2024-09-10,Team_E,West,16,14,2.62,2,11
2024-09-10,Team_F,Southwest,33,31,5.02,3,23
2024-09-10,Team_G,Southeast,18,12,5.12,3,18
2024-09-10,Team_H,West,19,14,2.29,5,27
2024-09-11,Team_A,Midwest,25,19,4.57,5,26
2024-09-11,Team_B,Southwest,38,30,4.39,3,22
2024-09-11,Team_C,Southeast,44,39,2.13,0,19
2024-09-11,Team_D,Northeast,16,11,2.88,4,11
2024-09-11,Team_E,Southwest,28,25,5.61,4,14
2024-09-11,Team_F,Southeast,41,34,5.34,0,13
2024-09-11,Team_G,Midwest,22,20,2.76,4,17
2024-09-11,Team_H,Northeast,43,40,5.32,0,30
2024-09-12,Team_A,Southwest,12,10,2.22,3,22
2024-09-12,Team_B,West,17,15,4.88,5,22
2024-09-12,Team_C,Northeast,21,20,3.69,5,1
2024-09-12,Team_D,Southeast,50,45,3.19,3,18
2024-09-12,Team_E,Midwest,34,24,2.13,0,19
2024-09-12,Team_F,West,45,37,4.17,5,1
2024-09-12,Team_G,Southeast,27,24,5.06,5,6
2024-09-12,Team_H,West,37,32,5.39,4,5
2024-09-13,Team_A,Southeast,18,16,3.13,0,18
2024-09-13,Team_B,Southeast,33,32,5.6,5,16
2024-09-13,Team_C,Southwest,49,45,1.91,0,10
2024-09-13,Team_D,Southwest,13,9,4.7,2,21
2024-09-13,Team_E,Northeast,38,31,5.73,5,17
2024-09-13,Team_F,West,43,32,5.51,1,23
2024-09-13,Team_G,Midwest,43,37,5.78,2,29
2024-09-13,Team_H,West,48,41,4.13,1,20
2024-09-16,Team_A,Midwest,41,37,3.41,4,9
2024-09-16,Team_B,West,23,19,5.05,0,18
2024-09-16,Team_C,Southeast,38,28,3.67,4,17
2024-09-16,Team_D,Southwest,23,20,2.11,2,19
2024-09-16,Team_E,Southeast,31,28,5.95,0,7
2024-09-16,Team_F,Southeast,43,30,4.78,2,9
2024-09-16,Team_G,West,22,17,2.97,2,10
2024-09-16,Team_H,West,29,20,5.89,1,9
2024-09-17,Team_A,Northeast,30,25,4.3,5,30
2024-09-17,Team_B,Midwest,50,48,4.68,5,10
2024-09-17,Team_C,Southeast,28,23,4.9,2,23
2024-09-17,Team_D,Southwest,50,35,4.7,1,20
2024-09-17,Team_E,West,47,38,5.53,0,17
2024-09-17,Team_F,Midwest,36,29,5.92,2,12
2024-09-17,Team_G,Midwest,41,29,3.99,0,25
2024-09-17,Team_H,Midwest,37,36,3.79,0,20
2024-09-18,Team_A,Midwest,17,12,4.07,3,30
2024-09-18,Team_B,Southeast,19,14,2.13,2,7
2024-09-18,Team_C,Midwest,28,24,5.46,0,16
2024-09-18,Team_D,Northeast,19,16,5.12,1,28
2024-09-18,Team_E,Southwest,32,31,2.1,3,27
2024-09-18,Team_F,Southwest,26,23,2.79,3,21
2024-09-18,Team_G,Midwest,31,30,2.7,0,6
2024-09-18,Team_H,Northeast,38,33,2.45,5,5
2024-09-19,Team_A,Northeast,10,9,2.52,0,0
2024-09-19,Team_B,Southeast,32,25,2.57,4,8
2024-09-19,Team_C,Southeast,22,17,5.89,1,17
2024-09-19,Team_D,West,31,24,5.63,0,7
2024-09-19,Team_E,Southeast,29,23,2.35,3,7
2024-09-19,Team_F,Northeast,36,34,2.61,0,25
2024-09-19,Team_G,Southwest,48,37,4.59,5,25
2024-09-19,Team_H,West,26,19,2.21,5,23
2024-09-20,Team_A,Northeast,43,33,4.69,4,13
2024-09-20,Team_B,Northeast,27,23,2.38,0,26
2024-09-20,Team_C,West,46,40,3.4,5,12
2024-09-20,Team_D,Northeast,18,13,1.51,3,17
2024-09-20,Team_E,Northeast,36,31,3.16,4,8
2024-09-20,Team_F,Midwest,32,30,2.39,5,13
2024-09-20,Team_G,Southwest,49,44,5.02,5,17
2024-09-20,Team_H,Midwest,23,18,3.31,1,17
2024-09-23,Team_A,Northeast,30,21,1.62,0,16
2024-09-23,Team_B,Midwest,21,16,2.63,2,15
2024-09-23,Team_C,West,43,40,2.17,3,10
2024-09-23,Team_D,West,36,30,2.02,1,4
2024-09-23,Team_E,Southeast,38,35,1.6,4,26
2024-09-23,Team_F,Southwest,39,28,3.23,1,4
2024-09-23,Team_G,Southwest,30,22,5.04,1,5
2024-09-23,Team_H,Midwest,16,14,5.37,0,12
2024-09-24,Team_A,Northeast,37,34,5.26,0,12
2024-09-24,Team_B,Northeast,21,19,5.47,1,16
2024-09-24,Team_C,Northeast,48,47,4.13,4,20
2024-09-24,Team_D,Southwest,20,14,3.77,1,3
2024-09-24,Team_E,Northeast,30,21,4.42,5,7
2024-09-24,Team_F,West,49,39,5.23,4,23
2024-09-24,Team_G,Southeast,10,9,3.95,1,12
2024-09-24,Team_H,West,11,8,5.87,5,28
2024-09-25,Team_A,Southeast,17,16,5.83,4,7
2024-09-25,Team_B,Southeast,39,31,5.18,2,4
2024-09-25,Team_C,Southwest,50,41,2.34,1,7
2024-09-25,Team_D,Northeast,11,7,1.89,1,20
2024-09-25,Team_E,Northeast,46,39,3.28,5,28
2024-09-25,Team_F,Northeast,44,31,4.01,4,3
2024-09-25,Team_G,West,29,25,4.48,5,16
2024-09-25,Team_H,Northeast,12,8,3.39,0,2
2024-09-26,Team_A,Southeast,33,30,3.08,0,1
2024-09-26,Team_B,Southeast,14,12,1.5,1,21
2024-09-26,Team_C,Southwest,31,25,4.65,0,11
2024-09-26,Team_D,Midwest,25,18,4.72,5,28
2024-09-26,Team_E,West,26,24,3.63,5,22
2024-09-26,Team_F,Northeast,29,23,1.52,1,13
2024-09-26,Team_G,Midwest,33,30,3.6,2,0
2024-09-26,Team_H,Southeast,27,25,2.65,0,30
2024-09-27,Team_A,Northeast,46,40,4.03,3,20
2024-09-27,Team_B,Southwest,10,9,5.02,1,3
2024-09-27,Team_C,Southwest,18,13,4.55,5,8
2024-09-27,Team_D,Northeast,36,29,5.94,4,1
2024-09-27,Team_E,Southeast,30,28,2.83,3,29
2024-09-27,Team_F,Midwest,43,30,4.73,5,18
2024-09-27,Team_G,Southeast,12,9,2.03,4,13
2024-09-27,Team_H,Midwest,37,30,3.82,4,0
2024-09-30,Team_A,Northeast,16,13,3.73,0,28
2024-09-30,Team_B,Northeast,49,43,4.58,4,29
2024-09-30,Team_C,Southeast,48,45,1.93,5,6
2024-09-30,Team_D,Northeast,19,18,2.01,4,14
2024-09-30,Team_E,Northeast,28,21,1.79,0,16
2024-09-30,Team_F,Southeast,47,33,3.93,0,24
2024-09-30,Team_G,Midwest,43,36,5.75,5,16
2024-09-30,Team_H,Midwest,48,39,4.49,0,11
2024-10-01,Team_A,Southeast,23,22,4.23,1,3
2024-10-01,Team_B,West,36,32,2.78,3,20
2024-10-01,Team_C,Midwest,39,38,3.22,0,8
2024-10-01,Team_D,Northeast,25,18,3.06,3,2
2024-10-01,Team_E,West,31,23,2.94,0,11
2024-10-01,Team_F,Southeast,28,26,2.67,4,15
2024-10-01,Team_G,Southwest,16,13,2.18,3,29
2024-10-01,Team_H,Southwest,37,36,3.45,2,24
2024-10-02,Team_A,Midwest,49,46,5.76,2,25
2024-10-02,Team_B,Southwest,20,17,3.92,4,28
2024-10-02,Team_C,West,42,32,3.57,4,9
2024-10-02,Team_D,Northeast,10,9,1.91,1,30
2024-10-02,Team_E,Northeast,43,41,1.93,1,0
2024-10-02,Team_F,Southeast,32,27,2.57,4,26
2024-10-02,Team_G,Southeast,12,10,3.16,4,11
2024-10-02,Team_H,Southeast,18,13,2.18,5,15
2024-10-03,Team_A,Southeast,50,42,1.53,2,13
2024-10-03,Team_B,Southeast,29,28,4.17,4,11
2024-10-03,Team_C,Southwest,18,12,5.41,2,11
2024-10-03,Team_D,Midwest,48,47,5.0,5,29
2024-10-03,Team_E,Northeast,17,16,5.78,4,25
2024-10-03,Team_F,Northeast,42,38,5.0,0,21
2024-10-03,Team_G,Southeast,21,15,3.68,5,12
2024-10-03,Team_H,West,32,29,2.99,0,4
2024-10-04,Team_A,Southeast,49,42,5.62,2,26
2024-10-04,Team_B,Southwest,50,48,1.54,1,22
2024-10-04,Team_C,Northeast,42,40,2.03,0,7
2024-10-04,Team_D,Southwest,15,13,2.72,2,8
2024-10-04,Team_E,Southeast,23,21,3.29,0,29
2024-10-04,Team_F,Midwest,12,10,5.85,3,2
2024-10-04,Team_G,West,18,17,3.13,5,29
2024-10-04,Team_H,Southwest,11,9,1.51,5,13
2024-10-07,Team_A,Southwest,23,19,4.62,4,20
2024-10-07,Team_B,Northeast,44,33,5.49,0,0
2024-10-07,Team_C,Southeast,24,17,3.95,4,20
2024-10-07,Team_D,Southwest,38,29,4.69,1,21
2024-10-07,Team_E,Southeast,40,34,5.53,5,1
2024-10-07,Team_F,Southwest,37,26,1.7,5,10
2024-10-07,Team_G,West,45,34,4.12,1,24
2024-10-07,Team_H,Southwest,25,24,5.18,1,9
2024-10-08,Team_A,Southwest,36,32,4.43,1,27
2024-10-08,Team_B,Midwest,14,9,3.22,4,27
2024-10-08,Team_C,Northeast,23,17,4.95,1,11
2024-10-08,Team_D,Midwest,12,10,3.16,0,11
2024-10-08,Team_E,Northeast,38,37,5.71,3,6
2024-10-08,Team_F,Southwest,20,16,5.92,2,23
2024-10-08,Team_G,Southeast,50,41,1.85,1,20
2024-10-08,Team_H,Southwest,43,41,4.56,4,16
2024-10-09,Team_A,Southwest,20,18,1.68,1,26
2024-10-09,Team_B,Southeast,47,45,3.75,1,6
2024-10-09,Team_C,Southwest,46,44,3.23,2,11
2024-10-09,Team_D,West,47,34,4.25,0,17
2024-10-09,Team_E,West,39,32,3.16,4,19
2024-10-09,Team_F,Southwest,30,29,2.83,1,6
2024-10-09,Team_G,Southeast,14,12,1.83,4,10
2024-10-09,Team_H,Southeast,40,33,4.89,5,18
2024-10-10,Team_A,Southeast,37,33,3.6,5,16
2024-10-10,Team_B,Northeast,33,31,3.65,5,15
2024-10-10,Team_C,West,44,42,4.81,2,27
2024-10-10,Team_D,Southwest,34,29,4.46,0,13
2024-10-10,Team_E,Midwest,36,26,5.73,4,22
2024-10-10,Team_F,West,38,28,3.93,4,30
2024-10-10,Team_G,Northeast,40,34,4.19,1,28
2024-10-10,Team_H,Southwest,29,21,3.07,3,14
2024-10-11,Team_A,West,26,18,2.57,4,26
2024-10-11,Team_B,Southwest,33,31,1.56,4,10
2024-10-11,Team_C,Northeast,47,41,2.81,2,25
2024-10-11,Team_D,Southwest,34,32,5.81,5,26
2024-10-11,Team_E,Southwest,32,26,3.21,0,18
2024-10-11,Team_F,West,28,27,3.96,5,8
2024-10-11,Team_G,Southeast,47,41,4.85,0,21
2024-10-11,Team_H,West,31,29,5.29,5,25
2024-10-14,Team_A,Midwest,47,36,2.18,1,9
2024-10-14,Team_B,Midwest,24,17,2.72,0,19
2024-10-14,Team_C,Northeast,37,28,2.06,2,30
2024-10-14,Team_D,Southwest,36,30,4.91,4,19
2024-10-14,Team_E,Southwest,48,37,4.02,5,24
2024-10-14,Team_F,Southeast,15,13,1.88,0,9
2024-10-14,Team_G,Southwest,49,40,5.97,5,27
2024-10-14,Team_H,West,37,27,4.72,5,10
2024-10-15,Team_A,Northeast,48,35,3.61,1,3
2024-10-15,Team_B,Northeast,16,13,3.26,1,20
2024-10-15,Team_C,Midwest,39,31,5.37,4,20
2024-10-15,Team_D,Southeast,46,40,4.58,1,12
2024-10-15,Team_E,Northeast,12,11,4.37,5,6
2024-10-15,Team_F,West,50,39,2.02,5,5
2024-10-15,Team_G,West,35,29,1.54,1,23
2024-10-15,Team_H,Southeast,37,34,3.85,1,30
2024-10-16,Team_A,West,34,29,2.94,4,12
2024-10-16,Team_B,Midwest,21,19,4.49,2,10
2024-10-16,Team_C,Midwest,25,24,5.16,0,29
2024-10-16,Team_D,Midwest,36,30,5.48,4,10
2024-10-16,Team_E,West,15,14,4.55,2,27
2024-10-16,Team_F,Northeast,26,25,5.49,3,25
2024-10-16,Team_G,Southwest,10,7,4.77,1,13
2024-10-16,Team_H,Southwest,49,44,1.85,3,23
2024-10-17,Team_A,Northeast,45,38,5.05,5,20
2024-10-17,Team_B,Northeast,39,30,2.39,4,14
2024-10-17,Team_C,West,14,10,2.57,5,23
2024-10-17,Team_D,Southwest,19,18,2.13,2,21
2024-10-17,Team_E,Southeast,50,35,1.54,0,30
2024-10-17,Team_F,West,29,24,4.61,5,15
2024-10-17,Team_G,West,37,35,3.27,1,18
2024-10-17,Team_H,Midwest,11,9,1.75,4,30
2024-10-18,Team_A,West,14,13,1.61,3,28
2024-10-18,Team_B,West,37,35,5.14,2,4
2024-10-18,Team_C,Northeast,28,21,1.79,4,9
2024-10-18,Team_D,Northeast,31,24,1.87,2,4
2024-10-18,Team_E,Southwest,47,45,4.29,2,3
2024-10-18,Team_F,Northeast,25,24,1.57,1,23
2024-10-18,Team_G,Southwest,11,7,5.46,2,4
2024-10-18,Team_H,Northeast,38,26,5.68,4,9
2024-10-21,Team_A,Southwest,37,33,3.79,5,27
2024-10-21,Team_B,Southwest,34,30,1.95,4,6
2024-10-21,Team_C,Southeast,38,27,4.18,5,28
2024-10-21,Team_D,West,30,26,4.09,0,21
2024-10-21,Team_E,Northeast,16,14,4.49,3,24
2024-10-21,Team_F,Northeast,21,20,4.14,4,26
2024-10-21,Team_G,Midwest,36,33,1.64,2,20
2024-10-21,Team_H,Southwest,38,30,2.95,3,26
2024-10-22,Team_A,West,23,22,4.61,4,17
2024-10-22,Team_B,Northeast,50,42,5.6,5,9
2024-10-22,Team_C,West,45,39,5.25,4,4
2024-10-22,Team_D,West,11,7,4.59,1,29
2024-10-22,Team_E,Midwest,15,13,4.93,4,23
2024-10-22,Team_F,Southwest,30,26,5.33,1,10
2024-10-22,Team_G,Northeast,47,40,2.49,0,17
2024-10-22,Team_H,Midwest,40,32,3.67,2,26
2024-10-23,Team_A,Midwest,43,40,5.31,0,15
2024-10-23,Team_B,Northeast,39,38,5.67,2,20
2024-10-23,Team_C,Southwest,49,37,1.5,2,18
2024-10-23,Team_D,Southeast,44,36,3.27,4,12
2024-10-23,Team_E,West,18,17,3.71,5,22
2024-10-23,Team_F,Southwest,13,9,5.24,4,13
2024-10-23,Team_G,Southwest,20,14,5.18,5,3
2024-10-23,Team_H,Southwest,27,26,5.15,4,13
2024-10-24,Team_A,Southwest,36,29,3.8,1,25
2024-10-24,Team_B,Northeast,46,32,3.2,2,23
2024-10-24,Team_C,Midwest,31,29,2.51,1,25
2024-10-24,Team_D,Northeast,20,16,4.38,5,29
2024-10-24,Team_E,Midwest,42,39,3.14,5,9
2024-10-24,Team_F,Northeast,28,26,3.59,0,23
2024-10-24,Team_G,Northeast,43,36,3.56,5,13
2024-10-24,Team_H,West,24,22,3.41,4,22
2024-10-25,Team_A,Northeast,17,12,4.85,1,22
2024-10-25,Team_B,Midwest,20,18,3.94,0,15
2024-10-25,Team_C,Midwest,29,26,4.48,2,25
2024-10-25,Team_D,West,18,14,1.91,3,3
2024-10-25,Team_E,Southwest,10,8,4.73,3,30
2024-10-25,Team_F,Northeast,18,13,5.64,1,26
2024-10-25,Team_G,Midwest,38,32,4.22,4,2
2024-10-25,Team_H,West,41,30,4.91,5,21
2024-10-28,Team_A,Midwest,38,27,2.63,1,0
2024-10-28,Team_B,West,44,36,4.21,2,15
2024-10-28,Team_C,Southwest,17,15,1.88,5,18
2024-10-28,Team_D,West,17,15,2.65,3,2
2024-10-28,Team_E,West,31,28,5.26,1,23
2024-10-28,Team_F,West,24,20,2.98,4,7
2024-10-28,Team_G,Northeast,21,18,3.09,1,11
2024-10-28,Team_H,Midwest,40,37,3.76,5,29
2024-10-29,Team_A,Southwest,48,34,2.91,2,15
2024-10-29,Team_B,Midwest,47,37,4.06,0,3
2024-10-29,Team_C,West,36,29,5.86,4,8
2024-10-29,Team_D,West,49,42,4.93,4,2
2024-10-29,Team_E,West,12,9,4.85,1,21
2024-10-29,Team_F,Southwest,10,9,5.59,3,19
2024-10-29,Team_G,Southeast,40,38,5.03,2,11
2024-10-29,Team_H,Southeast,50,42,5.86,4,0
2024-10-30,Team_A,Midwest,14,13,5.6,3,9
2024-10-30,Team_B,Southwest,21,14,5.12,1,26
2024-10-30,Team_C,Midwest,26,22,2.72,0,10
2024-10-30,Team_D,Southwest,14,12,3.86,2,24
2024-10-30,Team_E,Southeast,23,20,5.83,0,23
2024-10-30,Team_F,West,41,38,4.92,0,16
2024-10-30,Team_G,Southwest,11,8,5.77,1,17
2024-10-30,Team_H,Northeast,50,36,5.28,0,2
2024-10-31,Team_A,Southeast,22,20,2.57,2,10
2024-10-31,Team_B,Southeast,50,46,4.94,2,1
2024-10-31,Team_C,Northeast,26,23,5.1,1,13
2024-10-31,Team_D,Southeast,24,22,3.28,4,28
2024-10-31,Team_E,Midwest,11,8,5.69,4,8
2024-10-31,Team_F,West,21,18,5.1,0,20
2024-10-31,Team_G,West,42,38,5.96,1,25
2024-10-31,Team_H,Midwest,47,33,3.29,4,15
2024-11-01,Team_A,West,38,31,3.82,3,24
2024-11-01,Team_B,West,19,13,3.7,0,18
2024-11-01,Team_C,Northeast,50,47,5.13,5,15
2024-11-01,Team_D,Southeast,24,21,2.33,4,18
2024-11-01,Team_E,Northeast,46,32,4.32,4,21
2024-11-01,Team_F,Northeast,37,35,3.71,2,7
2024-11-01,Team_G,Northeast,25,22,3.19,2,14
2024-11-01,Team_H,Southwest,23,16,5.94,1,3
2024-11-04,Team_A,Southwest,12,11,5.15,4,15
2024-11-04,Team_B,Southwest,11,10,2.83,1,27
2024-11-04,Team_C,Southeast,38,33,4.84,0,26
2024-11-04,Team_D,Southwest,11,8,4.74,0,4
2024-11-04,Team_E,Southeast,18,16,2.09,5,15
2024-11-04,Team_F,West,32,25,4.53,4,6
2024-11-04,Team_G,West,28,22,2.93,0,29
2024-11-04,Team_H,West,37,32,4.14,5,11
2024-11-05,Team_A,Southeast,37,30,4.02,5,29
2024-11-05,Team_B,Southwest,37,30,5.62,0,6
2024-11-05,Team_C,Southwest,17,13,1.73,1,13
2024-11-05,Team_D,Southeast,47,46,2.48,5,15
2024-11-05,Team_E,Southeast,32,23,5.93,0,26
2024-11-05,Team_F,Northeast,22,19,2.49,3,3
2024-11-05,Team_G,Southeast,35,33,1.82,0,5
2024-11-05,Team_H,West,32,22,1.84,4,13
2024-11-06,Team_A,Southwest,47,37,5.89,0,22
2024-11-06,Team_B,Southwest,12,11,5.49,0,5
2024-11-06,Team_C,Southwest,47,34,5.12,1,24
2024-11-06,Team_D,Midwest,45,36,4.75,0,19
2024-11-06,Team_E,Southeast,50,39,4.57,1,2
2024-11-06,Team_F,Northeast,28,20,4.78,1,2
2024-11-06,Team_G,Midwest,46,41,2.69,1,10
2024-11-06,Team_H,Northeast,35,28,5.49,3,30
2024-11-07,Team_A,Southwest,27,21,3.86,5,1
2024-11-07,Team_B,Southwest,13,11,4.24,3,22
2024-11-07,Team_C,Southeast,22,19,4.58,0,15
2024-11-07,Team_D,Southeast,18,15,2.01,4,15
2024-11-07,Team_E,West,25,18,4.04,3,17
2024-11-07,Team_F,Northeast,43,30,4.36,1,15
2024-11-07,Team_G,Southwest,38,37,2.26,3,15
2024-11-07,Team_H,West,16,12,5.22,0,27
2024-11-08,Team_A,Midwest,48,42,4.57,4,15
2024-11-08,Team_B,West,38,37,3.84,4,10
2024-11-08,Team_C,Northeast,14,12,5.88,5,4
2024-11-08,Team_D,Midwest,50,38,1.77,5,2
2024-11-08,Team_E,West,24,17,4.15,4,6
2024-11-08,Team_F,Midwest,28,21,4.39,1,11
2024-11-08,Team_G,Northeast,43,42,5.63,2,10
2024-11-08,Team_H,Midwest,15,10,2.04,2,12
2024-11-11,Team_A,Midwest,29,25,4.71,5,15
2024-11-11,Team_B,Midwest,34,26,3.3,2,14
2024-11-11,Team_C,Southeast,47,34,4.68,4,5
2024-11-11,Team_D,Southeast,23,18,1.86,0,12
2024-11-11,Team_E,Southeast,29,27,4.33,0,26
2024-11-11,Team_F,Midwest,26,19,5.06,1,1
2024-11-11,Team_G,West,38,36,2.44,4,19
2024-11-11,Team_H,Southeast,27,24,5.08,1,28
2024-11-12,Team_A,West,16,14,3.74,3,19
2024-11-12,Team_B,Northeast,24,23,3.94,3,9
2024-11-12,Team_C,West,42,33,2.77,3,5
2024-11-12,Team_D,Southeast,31,28,3.35,2,15
2024-11-12,Team_E,West,36,33,1.54,0,4
2024-11-12,Team_F,Midwest,45,35,2.18,3,7
2024-11-12,Team_G,West,50,39,2.55,4,8
2024-11-12,Team_H,West,21,14,5.69,5,28
2024-11-13,Team_A,Southwest,43,33,3.26,5,8
2024-11-13,Team_B,Southeast,19,13,2.67,4,11
2024-11-13,Team_C,Northeast,24,17,3.88,2,30
2024-11-13,Team_D,Southwest,50,38,1.63,1,15
2024-11-13,Team_E,West,27,25,2.6,1,22
2024-11-13,Team_F,Southwest,47,39,5.22,2,6
2024-11-13,Team_G,West,20,15,4.62,3,8
2024-11-13,Team_H,Southeast,29,21,2.52,3,5
2024-11-14,Team_A,Southwest,35,34,5.26,5,19
2024-11-14,Team_B,Southwest,38,28,2.7,2,14
2024-11-14,Team_C,Northeast,25,24,3.25,4,29
2024-11-14,Team_D,West,39,35,3.66,0,26
2024-11-14,Team_E,Northeast,28,27,4.54,5,3
2024-11-14,Team_F,West,36,26,2.15,3,22
2024-11-14,Team_G,Midwest,14,13,3.89,3,24
2024-11-14,Team_H,West,49,35,3.24,2,2
2024-11-15,Team_A,Southeast,34,24,3.98,3,29
2024-11-15,Team_B,Southeast,33,27,2.3,1,28
2024-11-15,Team_C,Southwest,37,35,3.62,5,8
2024-11-15,Team_D,Southwest,22,18,2.29,0,27
2024-11-15,Team_E,Southeast,14,12,5.69,2,25
2024-11-15,Team_F,Southwest,13,11,4.26,2,2
2024-11-15,Team_G,Northeast,22,21,3.96,2,10
2024-11-15,Team_H,West,44,34,5.57,1,24
2024-11-18,Team_A,West,26,21,3.54,5,16
2024-11-18,Team_B,Northeast,41,34,4.89,4,6
2024-11-18,Team_C,Southeast,26,21,3.31,3,24
2024-11-18,Team_D,Midwest,24,20,3.66,1,30
2024-11-18,Team_E,Southwest,13,11,2.77,3,1
2024-11-18,Team_F,Midwest,21,20,4.71,0,24
2024-11-18,Team_G,Northeast,15,10,5.18,3,15
2024-11-18,Team_H,Midwest,21,15,5.43,3,13
2024-11-19,Team_A,Midwest,18,13,3.49,2,9
2024-11-19,Team_B,Southeast,42,35,3.05,2,23
2024-11-19,Team_C,West,10,8,3.0,4,1
2024-11-19,Team_D,Northeast,21,20,2.53,2,7
2024-11-19,Team_E,Southwest,39,33,3.42,1,24
2024-11-19,Team_F,Midwest,48,44,5.76,1,3
2024-11-19,Team_G,Southwest,34,32,3.46,3,27
2024-11-19,Team_H,West,38,29,2.77,2,12
2024-11-20,Team_A,Southwest,31,23,3.4,5,5
2024-11-20,Team_B,Southeast,27,21,4.38,4,1
2024-11-20,Team_C,Northeast,10,8,2.63,1,10
2024-11-20,Team_D,West,18,16,1.94,3,4
2024-11-20,Team_E,Southwest,22,19,5.12,1,1
2024-11-20,Team_F,Southeast,28,23,5.69,0,2
2024-11-20,Team_G,West,49,41,2.27,2,8
2024-11-20,Team_H,Northeast,18,13,3.28,0,3
2024-11-21,Team_A,Southeast,26,21,2.33,3,12
2024-11-21,Team_B,Southeast,32,25,4.86,0,6
2024-11-21,Team_C,Midwest,31,22,5.23,4,29
2024-11-21,Team_D,Southeast,35,31,3.07,3,4
2024-11-21,Team_E,Northeast,26,20,4.14,0,23
2024-11-21,Team_F,Southeast,24,16,3.32,2,7
2024-11-21,Team_G,Midwest,43,39,5.05,1,15
2024-11-21,Team_H,Northeast,34,27,3.52,1,0
2024-11-22,Team_A,Southwest,21,20,5.24,4,30
2024-11-22,Team_B,Northeast,36,27,4.7,0,21
2024-11-22,Team_C,Southwest,35,25,3.54,4,7
2024-11-22,Team_D,Northeast,36,25,5.55,4,20
2024-11-22,Team_E,Southeast,34,30,4.28,0,30
2024-11-22,Team_F,Southeast,43,32,4.91,1,19
2024-11-22,Team_G,Northeast,26,19,3.43,2,14
2024-11-22,Team_H,Southwest,19,15,3.95,1,9
2024-11-25,Team_A,West,19,18,5.28,5,20
2024-11-25,Team_B,Southwest,39,30,4.12,2,14
2024-11-25,Team_C,West,35,34,3.05,2,14
2024-11-25,Team_D,Midwest,44,36,1.85,1,12
2024-11-25,Team_E,Southwest,40,33,4.28,5,7
2024-11-25,Team_F,Southeast,44,34,4.22,4,25
2024-11-25,Team_G,Southwest,16,13,2.64,1,12
2024-11-25,Team_H,West,50,46,5.56,2,29
2024-11-26,Team_A,Northeast,45,40,3.58,0,21
2024-11-26,Team_B,Midwest,22,21,2.62,2,29
2024-11-26,Team_C,Southeast,27,26,5.05,0,21
2024-11-26,Team_D,Southwest,42,39,2.78,4,17
2024-11-26,Team_E,Southwest,33,32,4.45,4,25
2024-11-26,Team_F,Southeast,22,19,2.14,5,16
2024-11-26,Team_G,Southeast,33,27,2.69,5,10
2024-11-26,Team_H,Southeast,32,29,2.85,5,25
2024-11-27,Team_A,Southwest,33,27,2.12,0,5
2024-11-27,Team_B,Southwest,18,17,5.24,5,28
2024-11-27,Team_C,Midwest,43,37,3.87,4,4
2024-11-27,Team_D,Southwest,19,14,3.22,1,21
2024-11-27,Team_E,Midwest,36,32,4.32,2,30
2024-11-27,Team_F,Northeast,33,28,3.02,5,8
2024-11-27,Team_G,West,46,42,2.45,2,1
2024-11-27,Team_H,Northeast,25,23,2.95,2,19
2024-11-28,Team_A,Midwest,48,40,5.77,3,25
2024-11-28,Team_B,Midwest,24,18,5.29,2,22
2024-11-28,Team_C,Southwest,18,15,4.0,1,23
2024-11-28,Team_D,Southeast,27,25,1.75,2,25
2024-11-28,Team_E,Midwest,49,38,2.65,2,15
2024-11-28,Team_F,Midwest,49,42,1.96,2,9
2024-11-28,Team_G,Southwest,39,34,2.55,4,8
2024-11-28,Team_H,Southeast,24,20,4.92,4,6
2024-11-29,Team_A,West,37,32,2.46,3,4
2024-11-29,Team_B,Southwest,23,17,4.71,0,23
2024-11-29,Team_C,Midwest,34,29,3.85,3,3
2024-11-29,Team_D,Northeast,41,31,4.94,3,4
2024-11-29,Team_E,Southwest,39,32,2.41,0,0
2024-11-29,Team_F,Northeast,46,36,3.32,2,7
2024-11-29,Team_G,West,18,14,2.14,5,10
2024-11-29,Team_H,Southwest,28,20,5.17,2,15
2024-12-02,Team_A,West,31,26,4.83,4,12
2024-12-02,Team_B,Southeast,19,13,5.23,4,23
2024-12-02,Team_C,Midwest,43,42,2.05,3,9
2024-12-02,Team_D,Northeast,22,17,3.61,5,0
2024-12-02,Team_E,West,13,11,4.43,4,8
2024-12-02,Team_F,Midwest,18,14,1.64,4,16
2024-12-02,Team_G,Southeast,24,20,4.62,4,26
2024-12-02,Team_H,Northeast,24,16,1.95,0,21
2024-12-03,Team_A,Southwest,36,32,2.11,0,17
2024-12-03,Team_B,Southwest,46,45,4.4,0,30
2024-12-03,Team_C,Northeast,27,22,5.71,3,0
2024-12-03,Team_D,Northeast,11,8,2.95,0,5
2024-12-03,Team_E,Southwest,24,19,2.48,5,25
2024-12-03,Team_F,West,27,26,4.97,0,1
2024-12-03,Team_G,Southwest,21,19,4.34,3,10
2024-12-03,Team_H,Southeast,24,19,1.69,5,6
2024-12-04,Team_A,Southeast,13,11,4.52,4,30
2024-12-04,Team_B,Midwest,20,16,3.15,2,30
2024-12-04,Team_C,West,43,39,2.11,5,15
2024-12-04,Team_D,Northeast,19,13,3.48,5,16
2024-12-04,Team_E,Midwest,42,37,3.36,1,10
2024-12-04,Team_F,Northeast,26,25,5.61,1,27
2024-12-04,Team_G,Southeast,15,11,4.12,4,28
2024-12-04,Team_H,Northeast,36,32,3.0,0,19
2024-12-05,Team_A,Southeast,35,26,3.56,1,13
2024-12-05,Team_B,Southeast,45,34,1.73,3,16
2024-12-05,Team_C,Northeast,33,25,3.63,5,25
2024-12-05,Team_D,Midwest,29,28,1.66,0,23
2024-12-05,Team_E,Southeast,10,8,5.49,0,9
2024-12-05,Team_F,Southwest,21,18,3.4,5,17
2024-12-05,Team_G,Midwest,13,9,5.58,2,5
2024-12-05,Team_H,Northeast,24,21,3.87,1,15
2024-12-06,Team_A,Midwest,49,37,4.89,0,13
2024-12-06,Team_B,West,11,10,3.62,2,6
2024-12-06,Team_C,Northeast,16,11,5.37,3,28
2024-12-06,Team_D,Southeast,27,22,5.78,3,6
2024-12-06,Team_E,Midwest,17,14,4.74,5,7
2024-12-06,Team_F,West,24,19,3.26,2,10
2024-12-06,Team_G,Northeast,11,9,2.51,2,3
2024-12-06,Team_H,Midwest,27,19,1.99,1,7
2024-12-09,Team_A,Northeast,46,39,2.13,5,24
2024-12-09,Team_B,Southwest,11,10,4.5,3,21
2024-12-09,Team_C,West,29,23,2.86,0,8
2024-12-09,Team_D,West,36,34,5.48,1,3
2024-12-09,Team_E,Southwest,39,30,3.8,5,28
2024-12-09,Team_F,West,35,34,5.09,3,20
2024-12-09,Team_G,Southeast,38,32,3.68,4,25
2024-12-09,Team_H,Northeast,30,25,1.96,3,10
2024-12-10,Team_A,West,40,39,2.81,1,11
2024-12-10,Team_B,Southeast,38,30,5.88,1,27
2024-12-10,Team_C,West,42,30,1.62,2,10
2024-12-10,Team_D,Southwest,50,46,2.95,3,16
2024-12-10,Team_E,Northeast,35,33,5.58,2,12
2024-12-10,Team_F,West,19,18,5.9,2,1
2024-12-10,Team_G,Southwest,40,36,5.4,5,20
2024-12-10,Team_H,Northeast,10,7,3.89,3,9
2024-12-11,Team_A,Southwest,29,21,2.28,0,22
2024-12-11,Team_B,Northeast,31,29,3.47,5,12
2024-12-11,Team_C,Southeast,29,21,4.7,1,6
2024-12-11,Team_D,West,11,7,4.0,1,3
2024-12-11,Team_E,Midwest,22,15,5.42,3,28
2024-12-11,Team_F,Northeast,44,33,1.5,5,23
2024-12-11,Team_G,Southeast,25,19,5.81,0,18
2024-12-11,Team_H,Southeast,20,19,2.73,4,21
2024-12-12,Team_A,West,39,36,5.38,2,27
2024-12-12,Team_B,Midwest,14,11,4.4,2,9
2024-12-12,Team_C,Southeast,36,28,3.11,0,26
2024-12-12,Team_D,Southeast,23,20,3.65,1,27
2024-12-12,Team_E,Midwest,48,39,5.25,1,22
2024-12-12,Team_F,West,48,35,5.05,4,10
2024-12-12,Team_G,Northeast,29,21,5.09,5,17
2024-12-12,Team_H,Midwest,29,28,3.97,4,16
2024-12-13,Team_A,Midwest,44,41,2.38,0,29
2024-12-13,Team_B,Southwest,27,20,4.69,2,19
2024-12-13,Team_C,Northeast,50,47,3.1,4,18
2024-12-13,Team_D,Southwest,26,19,5.57,5,7
2024-12-13,Team_E,West,17,13,2.91,0,8
2024-12-13,Team_F,Midwest,22,19,2.02,5,16
2024-12-13,Team_G,West,31,28,3.03,5,24
2024-12-13,Team_H,Northeast,15,11,1.51,4,30
2024-12-16,Team_A,Northeast,33,24,4.19,4,27
2024-12-16,Team_B,Northeast,19,14,2.03,4,13
2024-12-16,Team_C,West,34,24,1.58,5,22
2024-12-16,Team_D,West,32,24,4.58,4,23
2024-12-16,Team_E,Southwest,35,30,2.65,4,14
2024-12-16,Team_F,Northeast,46,32,4.78,2,17
2024-12-16,Team_G,Southeast,50,39,4.56,3,19
2024-12-16,Team_H,Southwest,20,16,3.56,2,5
2024-12-17,Team_A,Southwest,19,15,5.23,3,7
2024-12-17,Team_B,Northeast,44,34,4.88,5,12
2024-12-17,Team_C,Southwest,49,35,2.87,0,1
2024-12-17,Team_D,West,32,28,2.78,5,6
2024-12-17,Team_E,Southwest,26,24,5.77,4,9
2024-12-17,Team_F,West,19,17,4.38,0,9
2024-12-17,Team_G,West,27,18,4.12,4,6
2024-12-17,Team_H,Southwest,10,9,5.89,1,24
2024-12-18,Team_A,West,46,40,3.54,0,14
2024-12-18,Team_B,Southwest,12,10,4.3,0,13
2024-12-18,Team_C,Northeast,20,14,5.78,1,7
2024-12-18,Team_D,Midwest,21,16,5.61,1,26
2024-12-18,Team_E,West,23,20,2.36,5,12
2024-12-18,Team_F,West,28,24,4.68,4,21
2024-12-18,Team_G,Northeast,23,16,3.22,4,24
2024-12-18,Team_H,Southwest,40,28,3.4,5,22
2024-12-19,Team_A,Northeast,20,17,1.91,4,10
2024-12-19,Team_B,Southwest,18,17,1.77,3,0
2024-12-19,Team_C,Southwest,26,25,2.98,5,5
2024-12-19,Team_D,Northeast,43,30,5.6,5,4
2024-12-19,Team_E,Midwest,15,14,4.6,1,24
2024-12-19,Team_F,Southwest,33,25,1.71,2,27
2024-12-19,Team_G,West,33,24,4.16,0,18
2024-12-19,Team_H,Southwest,31,22,2.23,5,1
2024-12-20,Team_A,Southeast,25,18,4.77,2,9
2024-12-20,Team_B,Northeast,32,31,5.0,4,13
2024-12-20,Team_C,Southeast,21,15,2.47,2,16
2024-12-20,Team_D,Northeast,50,39,3.51,5,9
2024-12-20,Team_E,Midwest,24,22,2.73,0,24
2024-12-20,Team_F,West,17,15,1.59,5,8
2024-12-20,Team_G,Northeast,29,20,5.27,5,12
2024-12-20,Team_H,Southeast,14,12,3.9,2,4
2024-12-23,Team_A,West,20,16,2.19,5,8
2024-12-23,Team_B,Southeast,28,23,4.38,3,18
2024-12-23,Team_C,Northeast,35,26,4.76,3,2
2024-12-23,Team_D,West,45,34,5.75,0,23
2024-12-23,Team_E,Northeast,40,39,4.01,5,30
2024-12-23,Team_F,West,46,33,4.09,4,14
2024-12-23,Team_G,Southwest,36,27,3.06,0,22
2024-12-23,Team_H,West,13,12,2.91,4,10
2024-12-24,Team_A,Southwest,16,11,5.06,1,27
2024-12-24,Team_B,West,35,31,3.88,3,29
2024-12-24,Team_C,Midwest,27,19,4.85,1,15
2024-12-24,Team_D,Northeast,18,16,5.6,3,3
2024-12-24,Team_E,Northeast,39,38,4.89,4,11
2024-12-24,Team_F,West,36,27,3.68,5,23
2024-12-24,Team_G,Midwest,23,20,4.66,3,15
2024-12-24,Team_H,Southwest,23,17,2.84,4,26
2024-12-25,Team_A,Northeast,10,7,2.17,0,24
2024-12-25,Team_B,Southeast,48,34,2.32,4,12
2024-12-25,Team_C,Northeast,32,29,4.52,2,0
2024-12-25,Team_D,Midwest,16,11,4.07,4,28
2024-12-25,Team_E,Midwest,41,36,5.56,1,12
2024-12-25,Team_F,Southeast,34,30,3.59,1,7
2024-12-25,Team_G,West,10,7,4.6,5,1
2024-12-25,Team_H,Southeast,15,14,4.39,1,30
2024-12-26,Team_A,Northeast,43,40,3.24,4,26
2024-12-26,Team_B,Midwest,17,16,2.27,2,12
2024-12-26,Team_C,Midwest,20,15,2.72,5,29
2024-12-26,Team_D,Southeast,41,34,4.84,1,13
2024-12-26,Team_E,Southeast,19,15,3.69,1,30
2024-12-26,Team_F,Southeast,14,10,4.5,4,2
2024-12-26,Team_G,Northeast,14,12,4.82,1,27
2024-12-26,Team_H,Midwest,34,24,1.96,1,3
2024-12-27,Team_A,Northeast,11,10,5.08,2,18
2024-12-27,Team_B,West,34,33,3.83,1,3
2024-12-27,Team_C,Southeast,38,29,4.41,2,8
2024-12-27,Team_D,West,29,20,3.68,1,1
2024-12-27,Team_E,Southwest,24,20,3.64,4,8
2024-12-27,Team_F,Southwest,12,11,2.8,4,7
2024-12-27,Team_G,Northeast,36,33,3.65,1,2
2024-12-27,Team_H,Midwest,31,24,5.82,2,11
2024-12-30,Team_A,Midwest,30,24,3.71,4,22
2024-12-30,Team_B,Southwest,21,16,1.77,0,4
2024-12-30,Team_C,West,25,21,5.74,4,23
2024-12-30,Team_D,West,45,34,5.13,1,22
2024-12-30,Team_E,Midwest,42,40,3.8,1,12
2024-12-30,Team_F,Midwest,38,34,3.96,5,23
2024-12-30,Team_G,Northeast,13,11,4.58,5,6
2024-12-30,Team_H,Southeast,11,7,4.92,4,2
